Timestamp (UTC),Temp. Ins. (C),Temp. Max. (C),Temp. Min. (C),Pressure Ins. (hPa),Pressure Max. (hPa),Pressure Min. (hPa),Wind Speed (m/s),Wind Dir. (m/s),Wind Gust (m/s),Radiation (KJ/m²),Rain (mm)
2026-03-01 00:00:00,25.5,25.8,25.4,1011.9,1011.9,1011.4,2.7,198.0,6.0,,0.0
2026-03-01 01:00:00,25.8,25.8,25.5,1012.2,1012.2,1011.8,2.2,191.0,6.3,,0.0
2026-03-01 02:00:00,25.5,25.9,25.4,1012.1,1012.2,1012.0,1.7,185.0,5.6,,0.0
2026-03-01 03:00:00,25.4,25.6,25.3,1011.7,1012.1,1011.7,2.3,212.0,5.7,,0.0
2026-03-01 04:00:00,24.0,25.4,24.0,1011.1,1011.7,1011.1,0.9,275.0,5.1,,0.0
2026-03-01 05:00:00,23.2,24.0,23.2,1010.6,1011.1,1010.6,0.7,248.0,4.6,,0.0
2026-03-01 06:00:00,23.2,23.3,23.0,1010.5,1010.6,1010.3,1.1,281.0,3.1,,0.0
2026-03-01 07:00:00,23.5,23.5,23.2,1010.5,1010.6,1010.4,0.9,240.0,3.3,,0.0
2026-03-01 08:00:00,23.0,23.5,22.9,1010.6,1010.6,1010.4,0.7,265.0,2.9,,0.0
2026-03-01 09:00:00,22.8,23.0,22.7,1011.0,1011.0,1010.6,1.2,278.0,4.1,1.8,0.0
2026-03-01 10:00:00,22.9,22.9,22.6,1011.5,1011.5,1011.0,1.3,306.0,3.4,163.5,0.0
2026-03-01 11:00:00,24.2,24.9,22.9,1012.1,1012.1,1011.5,1.5,312.0,4.8,1020.2,0.0
2026-03-01 12:00:00,24.4,24.9,23.9,1012.3,1012.3,1012.1,1.1,324.0,4.2,1110.8,0.0
2026-03-01 13:00:00,26.1,26.8,24.4,1012.3,1012.4,1012.3,1.2,316.0,3.7,2430.7,0.0
2026-03-01 14:00:00,27.1,27.3,25.8,1012.0,1012.3,1012.0,2.9,204.0,6.7,1552.7,0.0
2026-03-01 15:00:00,27.5,28.8,27.1,1011.8,1012.0,1011.7,4.3,210.0,8.8,3454.2,0.0
2026-03-01 16:00:00,23.8,27.6,23.6,1011.8,1012.0,1011.7,3.5,210.0,8.8,1241.7,3.0
2026-03-01 17:00:00,26.0,26.2,23.5,1011.2,1011.9,1011.2,2.9,200.0,6.6,1635.3,0.2
2026-03-01 18:00:00,23.4,26.0,23.4,1011.2,1011.2,1010.9,3.1,185.0,8.0,1151.7,0.6
2026-03-01 19:00:00,23.5,23.8,22.5,1011.1,1011.2,1010.9,0.8,266.0,8.0,549.9,0.2
2026-03-01 20:00:00,24.6,24.6,23.4,1011.2,1011.3,1011.1,1.1,151.0,7.4,473.4,0.2
2026-03-01 21:00:00,24.8,24.8,24.5,1011.4,1011.4,1011.1,0.6,259.0,2.6,262.5,0.0
2026-03-01 22:00:00,24.2,24.9,24.1,1011.9,1011.9,1011.4,1.8,10.0,3.8,20.5,0.0
2026-03-01 23:00:00,23.6,24.1,23.6,1012.3,1012.3,1011.9,0.6,61.0,3.5,,0.0
2026-03-02 00:00:00,22.9,23.6,22.9,1012.8,1012.8,1012.3,0.8,37.0,2.1,,0.0
2026-03-02 01:00:00,22.1,22.9,22.1,1012.9,1013.1,1012.8,0.8,37.0,2.0,,0.2
2026-03-02 02:00:00,22.2,22.4,22.1,1012.8,1013.0,1012.8,1.0,26.0,2.0,,0.2
2026-03-02 03:00:00,21.7,22.2,21.7,1012.5,1012.8,1012.5,0.7,110.0,2.0,,0.0
2026-03-02 04:00:00,21.1,21.8,21.1,1011.7,1012.5,1011.7,0.2,143.0,1.1,,0.0
2026-03-02 05:00:00,20.8,21.1,20.7,1011.2,1011.7,1011.2,0.6,51.0,1.2,,0.0
2026-03-02 06:00:00,20.8,20.9,20.7,1011.1,1011.2,1011.0,0.4,340.0,1.4,,0.0
2026-03-02 07:00:00,20.7,20.8,20.7,1011.1,1011.1,1010.9,0.4,124.0,1.3,,0.0
2026-03-02 08:00:00,21.1,21.1,20.7,1011.4,1011.4,1011.0,0.6,65.0,1.7,,0.0
2026-03-02 09:00:00,21.2,21.4,21.1,1011.6,1011.6,1011.4,0.6,6.0,2.2,4.4,0.0
2026-03-02 10:00:00,21.6,21.6,21.1,1012.2,1012.2,1011.6,0.9,39.0,1.8,135.7,0.0
2026-03-02 11:00:00,22.4,22.5,21.6,1012.8,1012.8,1012.2,0.8,70.0,2.6,542.8,0.0
2026-03-02 12:00:00,24.5,24.8,22.3,1013.0,1013.1,1012.8,1.0,6.0,2.6,1137.3,0.0
2026-03-02 13:00:00,26.4,26.4,24.3,1013.3,1013.3,1013.0,1.1,321.0,3.2,2417.9,0.2
2026-03-02 14:00:00,27.3,27.3,25.0,1012.9,1013.3,1012.9,1.3,300.0,3.1,2999.6,0.0
2026-03-02 15:00:00,28.0,28.5,26.3,1012.4,1012.9,1012.4,1.6,201.0,5.2,3165.4,0.0
2026-03-02 16:00:00,28.1,28.8,27.4,1012.1,1012.4,1012.1,3.6,205.0,6.3,2982.3,0.0
2026-03-02 17:00:00,27.2,28.2,26.9,1011.8,1012.1,1011.8,3.6,202.0,7.5,2146.1,0.0
2026-03-02 18:00:00,27.0,27.2,26.4,1011.4,1011.8,1011.4,3.1,190.0,6.5,1138.6,0.0
2026-03-02 19:00:00,26.8,27.2,26.2,1011.6,1011.6,1011.4,2.9,181.0,7.0,1386.0,0.0
2026-03-02 20:00:00,26.3,26.8,26.2,1011.7,1011.7,1011.6,2.5,180.0,6.4,699.8,0.0
2026-03-02 21:00:00,25.6,26.3,25.6,1011.7,1011.8,1011.7,1.9,179.0,6.4,159.5,0.0
2026-03-02 22:00:00,24.9,25.6,24.9,1012.1,1012.1,1011.7,1.4,189.0,4.4,11.8,0.0
2026-03-02 23:00:00,24.4,24.9,24.4,1012.7,1012.7,1012.1,0.5,126.0,3.0,,0.0
2026-03-03 00:00:00,24.2,24.5,24.2,1013.1,1013.1,1012.7,0.6,199.0,1.9,,0.0
2026-03-03 01:00:00,23.6,24.2,23.6,1013.2,1013.3,1013.1,0.4,51.0,1.9,,0.0
2026-03-03 02:00:00,23.7,23.7,23.5,1013.0,1013.3,1013.0,0.7,84.0,1.5,,0.0
2026-03-03 03:00:00,22.9,23.7,22.7,1012.9,1013.0,1012.8,0.5,116.0,1.7,,0.0
2026-03-03 04:00:00,22.6,23.0,22.6,1012.5,1012.9,1012.5,0.3,233.0,1.7,,0.0
2026-03-03 05:00:00,22.7,23.0,22.6,1011.9,1012.6,1011.9,0.3,342.0,1.1,,0.0
2026-03-03 06:00:00,22.0,22.8,22.0,1011.4,1011.9,1011.3,0.3,252.0,2.1,,0.0
2026-03-03 07:00:00,21.8,22.3,21.8,1011.4,1011.4,1011.3,0.5,344.0,2.5,,0.0
2026-03-03 08:00:00,21.4,21.8,21.3,1011.7,1011.7,1011.4,1.0,20.0,1.7,,0.0
2026-03-03 09:00:00,21.9,22.0,21.4,1012.1,1012.1,1011.7,0.5,28.0,1.7,1.5,0.0
2026-03-03 10:00:00,23.0,23.0,21.9,1012.8,1012.8,1012.1,1.0,87.0,2.4,199.5,0.0
2026-03-03 11:00:00,25.3,25.4,23.0,1013.5,1013.5,1012.8,0.4,76.0,1.7,949.7,0.0
2026-03-03 12:00:00,25.2,26.0,24.7,1013.8,1013.8,1013.5,1.0,301.0,3.0,1624.6,0.0
2026-03-03 13:00:00,26.5,27.4,25.2,1013.9,1013.9,1013.8,1.6,325.0,3.1,2554.2,0.0
2026-03-03 14:00:00,27.1,27.9,26.1,1013.6,1013.9,1013.6,1.2,292.0,3.3,2346.5,0.0
2026-03-03 15:00:00,28.9,29.0,27.0,1013.2,1013.6,1013.2,2.8,203.0,5.9,2459.5,0.0
2026-03-03 16:00:00,29.1,29.2,28.1,1012.6,1013.2,1012.5,3.2,217.0,6.4,2692.9,0.0
2026-03-03 17:00:00,28.8,29.5,28.7,1012.1,1012.6,1012.1,1.8,128.0,6.6,2798.5,0.0
2026-03-03 18:00:00,28.8,29.0,28.3,1011.6,1012.1,1011.6,1.6,169.0,5.0,1122.7,0.0
2026-03-03 19:00:00,28.0,29.7,28.0,1011.4,1011.6,1011.3,2.9,166.0,7.1,2243.0,0.0
2026-03-03 20:00:00,27.9,28.7,27.9,1011.4,1011.4,1011.2,1.6,134.0,7.3,1064.9,0.0
2026-03-03 21:00:00,26.8,27.9,26.8,1011.7,1011.7,1011.4,2.0,120.0,5.8,291.1,0.0
2026-03-03 22:00:00,26.3,26.9,26.2,1011.9,1011.9,1011.7,1.6,179.0,5.7,5.6,0.0
2026-03-03 23:00:00,25.9,26.3,25.7,1012.6,1012.6,1011.9,1.3,100.0,4.2,,0.0
2026-03-04 00:00:00,25.8,25.9,25.7,1013.4,1013.4,1012.6,0.8,84.0,4.3,,0.0
2026-03-04 01:00:00,25.3,25.8,25.3,1013.5,1013.6,1013.4,0.9,75.0,3.7,,0.0
2026-03-04 02:00:00,24.9,25.3,24.9,1013.7,1013.7,1013.5,1.1,61.0,3.6,,0.0
2026-03-04 03:00:00,24.5,24.9,24.5,1013.6,1013.7,1013.5,1.0,111.0,2.7,,0.0
2026-03-04 04:00:00,24.3,24.5,24.3,1013.3,1013.6,1013.3,0.7,106.0,2.7,,0.0
2026-03-04 05:00:00,23.9,24.3,23.8,1012.8,1013.4,1012.8,0.7,83.0,2.5,,0.0
2026-03-04 06:00:00,23.3,23.8,23.3,1012.2,1012.8,1012.2,0.3,54.0,1.9,,0.0
2026-03-04 07:00:00,23.1,23.6,22.9,1011.9,1012.2,1011.9,1.0,64.0,2.4,,0.0
2026-03-04 08:00:00,22.8,23.2,22.6,1011.9,1012.0,1011.9,0.7,49.0,1.7,,0.0
2026-03-04 09:00:00,23.5,23.5,22.8,1012.6,1012.6,1011.8,0.4,110.0,2.1,0.2,0.0
2026-03-04 10:00:00,24.3,24.3,23.2,1013.0,1013.0,1012.6,0.8,60.0,2.0,208.7,0.0
2026-03-04 11:00:00,25.4,25.8,24.3,1013.6,1013.6,1013.0,1.3,73.0,4.0,680.6,0.0
2026-03-04 12:00:00,26.0,26.1,25.3,1013.9,1013.9,1013.5,1.2,68.0,4.0,762.3,0.0
2026-03-04 13:00:00,27.4,27.5,26.0,1013.9,1014.0,1013.8,1.6,74.0,3.4,1300.9,0.0
2026-03-04 14:00:00,29.3,29.4,27.4,1013.6,1014.0,1013.6,1.2,272.0,3.2,3367.7,0.0
2026-03-04 15:00:00,29.0,29.7,28.1,1013.1,1013.6,1013.1,1.9,327.0,4.3,3649.6,0.0
2026-03-04 16:00:00,29.9,30.8,28.1,1012.4,1013.2,1012.4,1.8,139.0,5.2,2736.8,0.0
2026-03-04 17:00:00,30.2,30.9,29.5,1011.8,1012.4,1011.8,2.1,157.0,5.5,2724.5,0.0
2026-03-04 18:00:00,30.4,30.8,29.8,1011.6,1011.9,1011.6,2.1,156.0,6.8,2827.7,0.0
2026-03-04 19:00:00,29.3,30.4,29.3,1011.7,1011.7,1011.5,2.3,127.0,6.5,2053.9,0.0
2026-03-04 20:00:00,28.3,29.3,28.2,1011.8,1011.8,1011.6,1.9,188.0,5.8,907.3,0.0
2026-03-04 21:00:00,27.2,28.4,27.2,1012.2,1012.3,1011.8,1.3,46.0,7.5,243.7,0.0
2026-03-04 22:00:00,26.5,27.3,26.5,1012.6,1012.6,1012.2,2.1,117.0,7.6,6.2,0.0
2026-03-04 23:00:00,26.0,26.6,26.0,1013.2,1013.2,1012.6,1.4,68.0,5.7,,0.0
2026-03-05 00:00:00,25.8,26.1,25.8,1014.1,1014.1,1013.2,0.8,97.0,3.7,,0.0
2026-03-05 01:00:00,25.7,25.9,25.6,1014.2,1014.2,1014.1,1.4,95.0,3.4,,0.0
2026-03-05 02:00:00,25.1,25.7,25.1,1013.9,1014.2,1013.8,1.3,155.0,4.7,,0.0
2026-03-05 03:00:00,24.9,25.1,24.9,1013.8,1013.9,1013.7,1.3,89.0,5.2,,0.0
2026-03-05 04:00:00,24.8,24.9,24.7,1013.7,1013.8,1013.5,1.3,95.0,5.2,,0.0
2026-03-05 05:00:00,24.8,24.9,24.7,1013.2,1013.7,1013.2,1.0,108.0,2.7,,0.0
2026-03-05 06:00:00,24.8,24.9,24.7,1013.1,1013.2,1013.1,0.3,260.0,2.7,,0.0
2026-03-05 07:00:00,24.6,25.0,24.6,1012.8,1013.1,1012.8,0.2,75.0,1.1,,0.0
2026-03-05 08:00:00,24.2,24.8,24.2,1013.0,1013.0,1012.8,0.4,97.0,1.2,,0.0
2026-03-05 09:00:00,23.7,24.4,23.6,1013.4,1013.4,1013.0,0.4,78.0,1.0,0.2,0.0
2026-03-05 10:00:00,25.2,25.2,23.8,1013.9,1013.9,1013.4,0.8,69.0,1.9,247.9,0.0
2026-03-05 11:00:00,26.8,26.8,25.3,1014.4,1014.5,1014.0,1.2,33.0,3.3,1151.7,0.0
2026-03-05 12:00:00,28.0,28.0,26.7,1014.6,1014.6,1014.4,0.8,72.0,3.3,1978.8,0.0
2026-03-05 13:00:00,29.1,29.2,27.5,1014.5,1014.6,1014.5,1.5,312.0,3.5,2674.6,0.0
2026-03-05 14:00:00,30.0,30.0,27.6,1014.6,1014.9,1014.5,1.2,249.0,3.8,2541.0,0.0
2026-03-05 15:00:00,31.4,31.6,29.4,1013.9,1014.6,1013.9,3.7,216.0,6.4,3411.3,0.0
2026-03-05 16:00:00,30.5,32.0,30.2,1013.3,1013.9,1013.3,2.2,136.0,6.4,2409.6,0.0
2026-03-05 17:00:00,31.0,32.0,30.6,1012.7,1013.3,1012.7,2.4,78.0,6.1,2774.4,0.0
2026-03-05 18:00:00,30.9,32.2,30.6,1012.3,1012.7,1012.2,2.3,94.0,6.0,2903.5,0.0
2026-03-05 19:00:00,30.8,31.9,30.6,1012.2,1012.4,1012.1,2.1,186.0,6.0,2069.3,0.0
2026-03-05 20:00:00,29.4,30.8,29.4,1012.1,1012.2,1012.0,2.1,79.0,6.1,775.7,0.0
2026-03-05 21:00:00,27.8,29.4,27.8,1012.7,1012.7,1012.1,1.7,96.0,8.0,163.3,0.0
2026-03-05 22:00:00,27.1,27.8,27.1,1012.8,1012.8,1012.5,1.5,48.0,5.3,3.7,0.0
2026-03-05 23:00:00,26.9,27.1,26.9,1013.3,1013.3,1012.7,1.5,58.0,5.3,,0.0
2026-03-06 00:00:00,27.0,27.0,26.8,1014.3,1014.3,1013.3,2.9,73.0,7.6,,0.0
2026-03-06 01:00:00,26.3,27.0,26.3,1014.8,1014.8,1014.2,2.5,81.0,8.7,,0.0
2026-03-06 02:00:00,25.8,26.3,25.8,1014.5,1014.9,1014.5,2.5,72.0,6.2,,0.0
2026-03-06 03:00:00,25.5,25.8,25.5,1014.2,1014.5,1014.2,2.1,66.0,5.9,,0.0
2026-03-06 04:00:00,25.3,25.5,25.3,1014.1,1014.4,1014.1,1.0,121.0,4.6,,0.0
2026-03-06 05:00:00,25.0,25.3,25.0,1013.6,1014.1,1013.6,1.1,44.0,2.9,,0.0
2026-03-06 06:00:00,24.8,25.0,24.8,1013.3,1013.6,1013.3,1.0,84.0,2.8,,0.0
2026-03-06 07:00:00,24.7,24.8,24.7,1012.9,1013.3,1012.9,0.6,116.0,2.4,,0.0
2026-03-06 08:00:00,24.4,24.7,24.4,1013.0,1013.0,1012.7,0.8,95.0,2.5,,0.0
2026-03-06 09:00:00,24.2,24.4,24.0,1013.6,1013.6,1013.0,0.6,148.0,2.0,,0.0
2026-03-06 10:00:00,25.7,25.7,24.2,1014.2,1014.2,1013.6,0.7,123.0,2.3,240.6,0.0
2026-03-06 11:00:00,26.8,27.3,25.6,1014.5,1014.6,1014.2,0.8,58.0,2.5,1108.7,0.0
2026-03-06 12:00:00,28.6,28.8,26.8,1014.7,1014.7,1014.5,0.8,324.0,2.7,2041.6,0.0
2026-03-06 13:00:00,29.7,29.9,28.2,1014.8,1014.9,1014.6,1.2,287.0,3.3,2652.7,0.0
2026-03-06 14:00:00,31.7,31.7,28.9,1014.3,1014.8,1014.3,2.9,211.0,5.1,3159.2,0.0
2026-03-06 15:00:00,32.4,32.4,30.9,1013.5,1014.3,1013.5,3.0,216.0,5.9,3565.7,0.0
2026-03-06 16:00:00,32.0,32.9,31.3,1012.8,1013.6,1012.8,2.8,198.0,5.9,2728.4,0.0
2026-03-06 17:00:00,30.6,32.0,30.3,1012.2,1012.8,1012.2,2.6,163.0,7.0,2330.6,0.0
2026-03-06 18:00:00,31.3,32.3,30.4,1011.5,1012.2,1011.4,2.0,128.0,7.0,2478.2,0.0
2026-03-06 19:00:00,30.4,31.5,30.3,1011.1,1011.6,1011.0,3.4,199.0,8.6,2052.0,0.0
2026-03-06 20:00:00,28.9,30.6,28.9,1011.3,1011.3,1011.1,1.9,108.0,8.6,812.8,0.0
2026-03-06 21:00:00,27.9,29.0,27.9,1011.6,1011.6,1011.1,1.2,29.0,6.8,187.7,0.0
2026-03-06 22:00:00,27.5,28.0,27.5,1012.1,1012.1,1011.5,1.0,139.0,4.8,2.7,0.0
2026-03-06 23:00:00,27.2,27.6,27.2,1012.3,1012.3,1012.1,1.1,136.0,2.8,,0.0
2026-03-07 00:00:00,27.2,27.4,27.2,1013.0,1013.2,1012.3,0.9,78.0,4.1,,0.0
2026-03-07 01:00:00,26.7,27.2,26.7,1012.8,1013.0,1012.7,2.7,72.0,6.3,,0.0
2026-03-07 02:00:00,26.4,26.7,26.4,1013.1,1013.1,1012.6,0.7,124.0,6.3,,0.0
2026-03-07 03:00:00,26.3,26.5,26.2,1013.0,1013.2,1013.0,0.9,91.0,3.1,,0.0
2026-03-07 04:00:00,26.2,26.3,26.1,1012.5,1013.0,1012.5,1.0,53.0,5.5,,0.0
2026-03-07 05:00:00,26.2,26.2,25.9,1012.0,1012.5,1012.0,1.1,60.0,2.2,,0.0
2026-03-07 06:00:00,26.1,26.2,26.1,1011.9,1012.1,1011.9,0.6,109.0,2.8,,0.0
2026-03-07 07:00:00,25.9,26.2,25.9,1011.5,1011.9,1011.4,0.7,162.0,1.9,,0.0
2026-03-07 08:00:00,25.7,25.9,25.7,1011.5,1011.5,1011.4,0.7,223.0,2.5,,0.0
2026-03-07 09:00:00,25.5,25.7,25.4,1011.8,1011.9,1011.5,1.1,107.0,2.4,,0.0
2026-03-07 10:00:00,26.3,26.4,25.5,1012.1,1012.1,1011.7,1.3,41.0,2.7,214.4,0.0
2026-03-07 11:00:00,28.0,28.3,26.3,1012.5,1012.6,1012.1,1.0,94.0,2.7,1049.2,0.0
2026-03-07 12:00:00,28.6,29.2,27.8,1012.3,1012.5,1012.3,1.5,312.0,3.9,1869.1,0.0
2026-03-07 13:00:00,29.9,30.2,28.4,1012.1,1012.3,1012.1,1.9,238.0,4.9,2305.2,0.0
2026-03-07 14:00:00,30.7,31.0,29.8,1011.2,1012.1,1011.2,1.5,317.0,4.9,3098.2,0.0
2026-03-07 15:00:00,32.3,32.5,30.3,1010.1,1011.2,1010.1,1.4,252.0,4.3,3263.6,0.0
2026-03-07 16:00:00,34.0,34.1,32.3,1009.0,1010.1,1009.0,1.7,204.0,4.8,3411.2,0.0
2026-03-07 17:00:00,34.4,35.4,33.8,1008.2,1009.0,1008.2,2.7,199.0,7.0,3289.6,0.0
2026-03-07 18:00:00,34.5,35.4,34.0,1007.8,1008.2,1007.8,2.5,179.0,6.9,2776.3,0.0
2026-03-07 19:00:00,32.5,34.5,32.0,1007.8,1007.9,1007.5,1.0,166.0,6.9,709.4,0.0
2026-03-07 20:00:00,31.2,32.6,31.1,1008.2,1008.2,1007.4,1.6,174.0,6.2,408.2,0.0
2026-03-07 21:00:00,27.1,31.3,27.0,1009.5,1009.6,1008.2,1.4,337.0,6.9,24.9,0.0
2026-03-07 22:00:00,26.3,27.1,25.1,1010.6,1010.9,1009.5,1.9,66.0,8.2,,0.0
2026-03-07 23:00:00,25.1,26.3,25.0,1011.2,1012.0,1010.5,2.0,81.0,8.8,,0.2
2026-03-08 00:00:00,25.0,25.1,24.7,1011.0,1011.2,1010.9,1.2,105.0,4.5,,1.0
2026-03-08 01:00:00,24.7,25.0,24.5,1011.0,1011.1,1010.6,0.8,12.0,2.6,,0.2
2026-03-08 02:00:00,24.6,24.7,24.4,1011.1,1011.3,1011.0,0.9,11.0,3.6,,0.0
2026-03-08 03:00:00,24.8,24.8,24.4,1010.7,1011.1,1010.5,0.8,172.0,2.1,,0.0
2026-03-08 04:00:00,24.9,24.9,24.6,1010.6,1010.7,1010.3,0.9,37.0,2.5,,0.0
2026-03-08 05:00:00,24.8,25.0,24.8,1009.6,1010.6,1009.6,0.6,9.0,2.5,,0.0
2026-03-08 06:00:00,24.8,24.9,24.6,1008.6,1009.6,1008.6,0.8,57.0,2.6,,0.0
2026-03-08 07:00:00,24.5,24.9,24.5,1008.0,1008.5,1008.0,1.1,43.0,2.7,,0.0
2026-03-08 08:00:00,24.3,24.5,24.2,1007.9,1008.2,1007.9,1.0,55.0,2.8,,0.0
2026-03-08 09:00:00,24.3,24.3,24.2,1008.2,1008.2,1007.8,0.6,61.0,2.6,0.1,0.0
2026-03-08 10:00:00,25.7,25.7,24.3,1008.5,1008.5,1008.0,1.4,23.0,2.7,324.9,0.0
2026-03-08 11:00:00,27.6,27.7,25.6,1009.4,1009.4,1008.5,0.7,197.0,2.8,1137.6,0.0
2026-03-08 12:00:00,29.2,29.2,27.2,1010.1,1010.2,1009.4,0.8,264.0,2.8,1381.0,0.0
2026-03-08 13:00:00,28.5,30.0,28.5,1010.5,1010.5,1010.1,1.5,304.0,3.0,1960.5,0.0
2026-03-08 14:00:00,31.0,31.9,28.2,1010.0,1010.5,1010.0,1.9,304.0,3.8,2959.2,0.2
2026-03-08 15:00:00,32.2,32.4,31.0,1009.4,1010.0,1009.4,1.0,316.0,3.8,2597.6,0.0
2026-03-08 16:00:00,32.2,33.5,32.0,1009.1,1009.4,1009.1,2.1,154.0,4.5,2800.4,0.0
2026-03-08 17:00:00,32.3,32.8,31.6,1008.7,1009.1,1008.7,1.9,155.0,6.1,2730.3,0.0
2026-03-08 18:00:00,32.2,34.1,32.0,1008.8,1008.8,1008.4,4.5,200.0,9.6,2763.2,0.0
2026-03-08 19:00:00,29.7,32.2,29.6,1009.2,1009.2,1008.8,5.1,195.0,11.2,1853.5,0.0
2026-03-08 20:00:00,29.1,29.8,29.0,1009.4,1009.4,1008.8,4.3,193.0,11.0,545.9,0.0
2026-03-08 21:00:00,28.8,29.1,28.6,1010.4,1010.5,1009.4,3.4,204.0,8.9,174.6,0.0
2026-03-08 22:00:00,28.5,28.8,28.5,1010.8,1010.8,1010.3,2.1,163.0,6.8,4.8,0.0
2026-03-08 23:00:00,28.1,28.5,28.1,1011.7,1011.7,1010.7,1.3,153.0,5.1,,0.0
2026-03-09 00:00:00,28.1,28.1,28.0,1012.1,1012.1,1011.7,1.2,171.0,3.0,,0.0
2026-03-09 01:00:00,27.9,28.1,27.9,1012.5,1012.7,1012.1,0.5,276.0,2.8,,0.0
2026-03-09 02:00:00,27.3,27.9,27.3,1012.8,1012.9,1012.3,0.4,295.0,2.9,,0.0
2026-03-09 03:00:00,27.5,27.5,27.3,1012.7,1012.8,1012.4,0.5,266.0,1.5,,0.0
2026-03-09 04:00:00,27.2,27.8,27.2,1012.2,1012.7,1012.2,0.6,338.0,1.9,,0.0
2026-03-09 05:00:00,26.4,27.2,26.3,1011.9,1012.2,1011.9,1.0,318.0,3.9,,0.0
2026-03-09 06:00:00,26.1,26.5,26.0,1011.9,1012.0,1011.8,1.0,300.0,3.8,,0.0
2026-03-09 07:00:00,25.7,26.1,25.6,1011.9,1011.9,1011.8,1.0,250.0,4.3,,0.0
2026-03-09 08:00:00,25.8,25.9,25.6,1011.9,1012.0,1011.8,1.2,244.0,2.9,,0.0
2026-03-09 09:00:00,25.0,25.8,25.0,1012.7,1012.7,1011.9,0.6,269.0,2.9,,0.4
2026-03-09 10:00:00,24.4,25.1,24.3,1013.9,1013.9,1012.7,1.2,198.0,3.2,3.2,8.0
2026-03-09 11:00:00,24.5,24.8,24.4,1014.9,1014.9,1013.9,0.8,217.0,3.8,40.2,3.6
2026-03-09 12:00:00,24.3,24.9,24.3,1015.7,1015.7,1014.9,1.4,223.0,4.1,295.9,2.8
2026-03-09 13:00:00,24.4,24.8,24.3,1016.1,1016.2,1015.7,2.7,191.0,4.9,353.0,1.0
2026-03-09 14:00:00,25.9,25.9,24.3,1015.9,1016.2,1015.9,1.9,185.0,5.7,1139.9,1.0
2026-03-09 15:00:00,26.7,27.5,25.9,1015.4,1016.0,1015.4,2.4,146.0,5.6,2229.3,0.0
2026-03-09 16:00:00,27.1,28.2,26.7,1015.1,1015.4,1015.0,3.3,196.0,7.6,1997.4,0.0
2026-03-09 17:00:00,26.7,27.5,26.5,1014.9,1015.1,1014.8,3.2,210.0,8.0,1368.4,0.0
2026-03-09 18:00:00,26.4,27.9,25.9,1014.8,1014.9,1014.6,2.4,189.0,8.0,1054.7,0.4
2026-03-09 19:00:00,27.0,27.1,26.3,1015.0,1015.0,1014.8,1.9,183.0,5.5,654.0,0.0
2026-03-09 20:00:00,26.1,27.1,25.6,1014.9,1015.0,1014.8,0.9,209.0,4.4,347.6,0.2
2026-03-09 21:00:00,26.3,26.4,26.1,1015.3,1015.3,1014.8,1.5,181.0,4.6,191.9,0.0
2026-03-09 22:00:00,26.0,26.3,26.0,1015.8,1015.8,1015.2,0.3,83.0,2.8,5.5,0.2
2026-03-09 23:00:00,25.4,26.0,25.3,1016.5,1016.5,1015.8,1.3,28.0,2.8,,0.0
2026-03-10 00:00:00,25.1,25.4,25.1,1016.7,1016.7,1016.5,1.2,63.0,2.6,,0.0
2026-03-10 01:00:00,24.6,25.1,24.6,1016.9,1017.0,1016.7,1.6,76.0,3.4,,0.0
2026-03-10 02:00:00,24.0,24.6,23.8,1017.0,1017.0,1016.8,0.9,49.0,3.5,,0.2
2026-03-10 03:00:00,24.0,24.2,23.9,1016.7,1017.0,1016.7,1.0,167.0,2.4,,0.0
2026-03-10 04:00:00,24.1,24.1,23.9,1015.9,1016.7,1015.9,0.7,105.0,2.5,,0.0
2026-03-10 05:00:00,23.7,24.2,23.7,1015.5,1015.9,1015.5,0.7,91.0,1.7,,0.0
2026-03-10 06:00:00,23.5,23.7,23.5,1014.8,1015.5,1014.8,0.8,30.0,1.8,,0.2
2026-03-10 07:00:00,23.3,23.7,23.2,1015.1,1015.1,1014.8,1.1,14.0,3.3,,0.0
2026-03-10 08:00:00,23.2,23.4,23.1,1015.2,1015.3,1015.1,0.9,26.0,3.0,,0.2
2026-03-10 09:00:00,23.3,23.5,23.2,1015.8,1015.8,1015.2,0.3,338.0,2.1,,0.0
2026-03-10 10:00:00,23.6,23.7,23.3,1016.7,1016.7,1015.8,0.9,23.0,2.2,53.1,0.0
2026-03-10 11:00:00,23.7,23.9,23.6,1017.2,1017.2,1016.7,1.1,78.0,2.8,198.2,0.0
2026-03-10 12:00:00,24.5,24.5,23.7,1017.7,1017.7,1017.1,0.8,15.0,2.9,407.6,0.0
2026-03-10 13:00:00,25.4,25.4,24.5,1017.6,1017.7,1017.6,1.0,347.0,2.5,731.8,0.0
2026-03-10 14:00:00,26.2,26.4,25.4,1017.5,1017.6,1017.5,1.3,350.0,3.2,1330.5,0.0
2026-03-10 15:00:00,26.2,27.1,25.9,1017.0,1017.5,1017.0,0.7,237.0,3.4,998.5,0.0
2026-03-10 16:00:00,26.2,26.3,25.8,1016.3,1017.0,1016.3,1.9,188.0,5.0,529.7,0.0
2026-03-10 17:00:00,24.3,26.2,24.3,1016.0,1016.3,1016.0,2.2,178.0,5.3,300.0,0.2
2026-03-10 18:00:00,23.6,24.3,23.6,1015.5,1016.0,1015.4,1.9,224.0,5.3,358.3,2.0
2026-03-10 19:00:00,24.3,24.3,23.6,1015.3,1015.5,1015.3,0.9,213.0,5.0,423.1,0.0
2026-03-10 20:00:00,24.3,24.3,24.1,1015.7,1015.7,1015.3,0.8,97.0,3.1,198.5,0.0
2026-03-10 21:00:00,24.4,24.4,24.2,1015.4,1015.7,1015.3,0.7,47.0,3.3,97.2,0.0
2026-03-10 22:00:00,23.8,24.4,23.8,1015.8,1015.8,1015.4,1.0,61.0,3.7,,0.0
2026-03-10 23:00:00,23.4,23.9,23.4,1015.9,1015.9,1015.8,1.3,70.0,3.3,,0.0
2026-03-11 00:00:00,23.5,23.6,23.4,1016.2,1016.2,1015.8,1.0,57.0,3.8,,0.0
2026-03-11 01:00:00,23.6,23.8,23.5,1015.9,1016.3,1015.9,1.6,70.0,5.0,,0.0
2026-03-11 02:00:00,23.6,23.6,23.5,1015.5,1015.9,1015.5,2.1,79.0,5.4,,0.0
2026-03-11 03:00:00,23.4,23.6,23.4,1015.2,1015.6,1015.2,1.2,118.0,5.0,,0.0
2026-03-11 04:00:00,23.4,23.5,23.3,1014.6,1015.2,1014.6,1.3,81.0,4.5,,0.0
2026-03-11 05:00:00,23.1,23.4,23.1,1014.3,1014.6,1014.3,0.5,145.0,2.9,,0.0
2026-03-11 06:00:00,22.8,23.1,22.6,1013.8,1014.3,1013.8,0.5,137.0,1.2,,0.6
2026-03-11 07:00:00,22.8,23.0,22.7,1013.5,1013.8,1013.5,0.7,191.0,1.7,,0.2
2026-03-11 08:00:00,22.6,22.9,22.6,1013.8,1013.9,1013.5,0.4,120.0,1.7,,0.0
2026-03-11 09:00:00,22.7,23.0,22.6,1014.1,1014.1,1013.8,0.5,71.0,1.2,,0.0
2026-03-11 10:00:00,23.1,23.1,22.6,1014.7,1014.7,1014.1,0.5,169.0,1.2,69.7,0.0
2026-03-11 11:00:00,23.4,23.5,23.1,1015.4,1015.4,1014.7,0.6,273.0,1.7,160.1,0.0
2026-03-11 12:00:00,24.0,24.1,23.3,1015.7,1015.7,1015.4,0.9,183.0,2.0,354.5,0.0
2026-03-11 13:00:00,24.4,24.4,23.9,1015.7,1015.8,1015.7,1.1,189.0,3.0,463.2,0.2
2026-03-11 14:00:00,24.9,25.0,24.3,1015.6,1015.8,1015.6,0.8,164.0,2.9,645.4,0.0
2026-03-11 15:00:00,24.9,25.4,24.8,1015.0,1015.7,1015.0,1.1,92.0,3.7,824.6,0.0
2026-03-11 16:00:00,23.9,25.1,23.8,1014.3,1015.0,1014.3,1.5,211.0,4.4,570.0,0.6
2026-03-11 17:00:00,23.6,24.1,23.5,1013.9,1014.3,1013.9,0.9,58.0,3.7,480.4,1.4
2026-03-11 18:00:00,23.1,23.7,23.1,1013.4,1013.9,1013.4,1.1,221.0,3.4,379.3,1.2
2026-03-11 19:00:00,22.9,23.1,22.7,1013.2,1013.4,1013.1,0.7,91.0,4.1,302.3,0.6
2026-03-11 20:00:00,22.8,23.0,22.7,1013.1,1013.2,1013.1,0.7,122.0,3.6,164.6,0.0
2026-03-11 21:00:00,22.5,22.9,22.5,1013.4,1013.4,1013.1,1.0,119.0,2.9,57.6,0.2
2026-03-11 22:00:00,22.4,22.6,22.4,1013.7,1013.7,1013.4,0.6,155.0,2.5,,0.2
2026-03-11 23:00:00,22.2,22.4,22.1,1014.3,1014.3,1013.7,0.6,38.0,1.6,,0.4
2026-03-12 00:00:00,22.6,22.6,22.1,1014.7,1014.7,1014.3,0.9,131.0,3.1,,0.0
2026-03-12 01:00:00,22.5,22.8,22.5,1014.7,1014.7,1014.6,0.6,112.0,3.9,,0.0
2026-03-12 02:00:00,22.5,22.7,22.3,1014.7,1014.8,1014.6,0.4,192.0,2.0,,0.0
2026-03-12 03:00:00,22.7,23.0,22.5,1014.0,1014.7,1014.0,0.9,170.0,3.2,,0.0
2026-03-12 04:00:00,22.2,22.7,22.2,1013.0,1014.0,1013.0,0.4,248.0,2.2,,0.2
2026-03-12 05:00:00,22.3,22.3,22.1,1012.4,1013.0,1012.4,0.7,193.0,1.3,,0.0
2026-03-12 06:00:00,22.6,22.6,22.2,1012.0,1012.4,1012.0,0.7,63.0,1.7,,0.0
2026-03-12 07:00:00,22.4,22.6,22.3,1012.5,1012.6,1012.0,0.3,237.0,1.3,,0.2
2026-03-12 08:00:00,22.6,22.8,22.4,1012.1,1012.5,1012.1,0.5,81.0,2.2,,0.0
2026-03-12 09:00:00,22.4,22.7,22.4,1012.6,1012.6,1012.1,0.6,332.0,1.3,,0.0
2026-03-12 10:00:00,22.9,22.9,22.4,1013.0,1013.0,1012.6,0.6,88.0,1.3,82.6,0.0
2026-03-12 11:00:00,23.8,23.8,22.9,1013.6,1013.6,1013.0,0.3,17.0,1.3,377.6,0.0
2026-03-12 12:00:00,24.3,24.3,23.8,1013.6,1013.6,1013.5,0.9,75.0,1.7,516.8,0.0
2026-03-12 13:00:00,24.6,24.9,24.1,1013.4,1013.6,1013.3,0.7,302.0,1.7,723.2,0.2
2026-03-12 14:00:00,24.1,25.1,24.0,1013.1,1013.4,1013.1,0.6,299.0,2.2,552.3,0.4
2026-03-12 15:00:00,25.1,25.1,24.1,1011.8,1013.1,1011.8,0.6,8.0,1.6,815.3,0.2
2026-03-12 16:00:00,24.9,25.1,24.4,1010.7,1011.8,1010.7,0.5,236.0,1.9,846.7,0.2
2026-03-12 17:00:00,26.0,26.1,24.9,1009.7,1010.7,1009.7,1.1,227.0,2.8,1287.4,0.0
2026-03-12 18:00:00,26.0,26.4,25.8,1008.9,1009.7,1008.9,1.8,201.0,3.4,721.9,0.2
2026-03-12 19:00:00,26.5,26.5,25.9,1008.6,1008.9,1008.4,0.2,31.0,3.3,478.2,0.0
2026-03-12 20:00:00,26.4,26.6,26.0,1008.2,1008.6,1007.9,0.8,37.0,2.5,244.8,0.0
2026-03-12 21:00:00,25.9,26.4,25.9,1008.3,1008.3,1008.1,0.6,328.0,1.7,108.2,0.0
2026-03-12 22:00:00,25.8,25.9,25.7,1008.3,1008.3,1008.1,1.1,56.0,3.1,,0.0
2026-03-12 23:00:00,25.7,25.8,25.7,1008.8,1008.8,1008.2,0.8,48.0,3.0,,0.0
2026-03-13 00:00:00,25.5,25.7,25.4,1009.6,1009.6,1008.8,0.8,75.0,3.4,,0.0
2026-03-13 01:00:00,24.9,25.5,24.9,1009.7,1009.9,1009.6,0.6,71.0,2.1,,1.0
2026-03-13 02:00:00,24.7,25.0,24.7,1009.8,1009.8,1009.4,0.7,348.0,1.6,,0.0
2026-03-13 03:00:00,24.7,25.0,24.7,1008.7,1009.8,1008.7,0.7,187.0,1.7,,3.8
2026-03-13 04:00:00,24.6,24.7,24.5,1007.7,1008.7,1007.6,1.0,350.0,2.2,,0.2
2026-03-13 05:00:00,24.6,24.7,24.5,1006.7,1007.7,1006.7,0.6,359.0,2.6,,0.0
2026-03-13 06:00:00,24.6,24.7,24.5,1006.2,1006.7,1006.2,0.5,68.0,1.4,,0.0
2026-03-13 07:00:00,24.4,24.6,24.4,1005.8,1006.2,1005.7,0.3,325.0,1.2,,0.0
2026-03-13 08:00:00,24.4,24.4,24.3,1006.3,1006.3,1005.7,0.5,172.0,1.9,,0.0
2026-03-13 09:00:00,24.5,24.5,24.3,1006.5,1006.7,1006.3,0.5,126.0,1.8,,0.0
2026-03-13 10:00:00,25.0,25.0,24.4,1006.7,1006.7,1006.4,0.4,224.0,1.4,165.4,0.0
2026-03-13 11:00:00,26.4,26.4,24.9,1007.2,1007.2,1006.7,0.5,136.0,1.4,457.9,0.0
2026-03-13 12:00:00,30.1,30.1,26.5,1007.5,1007.5,1007.2,1.8,234.0,3.9,1795.8,0.0
2026-03-13 13:00:00,29.7,30.3,29.3,1007.9,1007.9,1007.6,1.7,228.0,4.9,1420.4,0.0
2026-03-13 14:00:00,29.9,30.2,29.4,1008.2,1008.2,1007.9,2.4,249.0,7.0,2246.3,0.0
2026-03-13 15:00:00,28.2,30.7,28.2,1008.3,1008.3,1008.2,4.0,207.0,7.9,2161.9,0.0
2026-03-13 16:00:00,27.8,28.3,27.4,1008.1,1008.3,1008.1,3.8,213.0,7.9,956.4,0.0
2026-03-13 17:00:00,28.2,28.2,27.4,1007.8,1008.1,1007.8,3.9,221.0,9.1,1500.8,0.0
2026-03-13 18:00:00,27.9,28.7,27.9,1007.6,1007.8,1007.6,2.3,201.0,8.4,1541.6,0.0
2026-03-13 19:00:00,27.4,27.9,26.8,1007.5,1007.8,1007.5,2.3,215.0,7.9,429.5,0.0
2026-03-13 20:00:00,26.7,27.6,26.6,1008.2,1008.2,1007.5,2.5,208.0,6.2,350.0,0.0
2026-03-13 21:00:00,24.2,26.8,24.2,1008.8,1008.8,1008.2,0.7,284.0,8.3,32.8,4.6
2026-03-13 22:00:00,24.2,24.2,23.9,1009.9,1009.9,1008.8,0.6,321.0,3.3,0.1,1.0
2026-03-13 23:00:00,24.1,24.3,24.0,1010.3,1010.3,1009.9,1.0,323.0,3.3,,0.4
2026-03-14 00:00:00,24.0,24.1,23.9,1010.9,1010.9,1010.3,1.1,352.0,3.6,,0.4
2026-03-14 01:00:00,23.8,24.0,23.8,1010.6,1011.0,1010.6,0.9,298.0,3.6,,0.0
2026-03-14 02:00:00,23.8,23.8,23.7,1010.2,1010.6,1010.0,0.6,304.0,4.4,,0.0
2026-03-14 03:00:00,24.0,24.0,23.8,1009.7,1010.2,1009.7,0.5,17.0,3.3,,0.0
2026-03-14 04:00:00,23.8,24.0,23.8,1009.2,1009.7,1009.2,0.4,236.0,1.7,,0.0
2026-03-14 05:00:00,23.5,23.8,23.5,1008.7,1009.2,1008.7,0.2,221.0,1.7,,0.0
2026-03-14 06:00:00,23.2,23.5,23.2,1008.5,1008.7,1008.5,0.2,187.0,0.8,,0.0
2026-03-14 07:00:00,23.0,23.3,23.0,1008.6,1008.6,1008.3,0.3,48.0,0.9,,0.0
2026-03-14 08:00:00,22.8,23.1,22.8,1008.7,1008.7,1008.5,0.4,235.0,1.4,,0.0
2026-03-14 09:00:00,22.7,22.8,22.6,1009.3,1009.3,1008.7,0.2,240.0,0.9,,0.0
2026-03-14 10:00:00,23.4,23.4,22.7,1009.8,1009.8,1009.3,1.0,32.0,2.1,205.2,0.0
2026-03-14 11:00:00,24.7,24.7,23.4,1010.7,1010.7,1009.8,0.8,89.0,2.1,647.0,0.0
2026-03-14 12:00:00,26.5,26.6,24.6,1010.9,1010.9,1010.7,1.1,333.0,2.6,1579.6,0.0
2026-03-14 13:00:00,26.9,27.4,26.1,1011.0,1011.1,1010.9,1.1,287.0,3.0,2596.9,0.0
2026-03-14 14:00:00,28.2,28.7,26.8,1010.9,1011.0,1010.9,2.2,190.0,4.8,2456.5,0.0
2026-03-14 15:00:00,28.9,29.5,28.2,1010.5,1010.9,1010.5,3.3,204.0,6.1,3305.2,0.0
2026-03-14 16:00:00,29.0,29.7,28.6,1010.3,1010.5,1010.3,3.9,188.0,7.9,3550.5,0.0
2026-03-14 17:00:00,29.3,29.8,28.5,1009.7,1010.3,1009.7,4.6,198.0,8.3,3373.8,0.0
2026-03-14 18:00:00,28.7,29.5,28.7,1009.4,1009.8,1009.3,4.6,207.0,9.2,2794.4,0.0
2026-03-14 19:00:00,28.0,28.8,27.6,1009.1,1009.4,1009.1,5.1,195.0,9.8,2089.7,0.0
2026-03-14 20:00:00,27.1,28.2,27.1,1009.2,1009.3,1009.1,3.9,205.0,9.1,525.9,0.0
2026-03-14 21:00:00,26.1,27.1,26.1,1009.3,1009.5,1009.1,3.0,192.0,8.2,102.6,0.0
2026-03-14 22:00:00,25.4,26.1,25.4,1010.1,1010.1,1009.3,2.3,194.0,5.9,1.6,0.0
2026-03-14 23:00:00,25.2,25.5,25.2,1011.0,1011.0,1010.1,1.4,165.0,4.7,,0.0
2026-03-15 00:00:00,24.9,25.4,24.9,1011.4,1011.4,1011.0,0.8,158.0,3.2,,0.0
2026-03-15 01:00:00,24.2,24.9,24.2,1011.8,1011.8,1011.4,0.6,76.0,1.9,,0.0
2026-03-15 02:00:00,23.6,24.3,23.6,1011.6,1011.8,1011.6,0.2,336.0,1.5,,0.0
2026-03-15 03:00:00,23.2,23.7,23.2,1011.2,1011.6,1011.2,0.5,47.0,2.1,,0.0
2026-03-15 04:00:00,23.3,23.3,23.1,1010.7,1011.2,1010.7,0.6,32.0,1.7,,0.0
2026-03-15 05:00:00,23.0,23.3,22.9,1010.0,1010.8,1010.0,0.8,34.0,1.7,,0.0
2026-03-15 06:00:00,22.5,23.0,22.5,1010.0,1010.1,1009.9,0.6,34.0,3.0,,0.0
2026-03-15 07:00:00,22.2,22.5,22.1,1009.9,1010.0,1009.8,0.9,56.0,2.1,,0.0
2026-03-15 08:00:00,22.0,22.2,22.0,1010.4,1010.4,1009.8,0.7,188.0,1.9,,0.0
2026-03-15 09:00:00,22.4,22.5,22.0,1010.7,1010.7,1010.2,1.1,100.0,2.1,,0.0
2026-03-15 10:00:00,22.8,22.8,22.3,1011.0,1011.0,1010.7,0.9,75.0,2.1,228.2,0.0
2026-03-15 11:00:00,24.8,24.8,22.8,1011.6,1011.6,1011.0,1.6,7.0,3.5,1162.4,0.0
2026-03-15 12:00:00,26.0,26.3,24.7,1011.8,1011.9,1011.6,1.4,359.0,3.8,2007.5,0.0
2026-03-15 13:00:00,26.9,27.1,25.8,1011.6,1011.9,1011.6,1.7,314.0,3.8,2735.7,0.0
2026-03-15 14:00:00,28.6,28.6,25.9,1011.2,1011.7,1011.2,1.4,329.0,4.2,3242.2,0.0
2026-03-15 15:00:00,29.6,30.2,28.1,1010.8,1011.2,1010.8,2.1,237.0,4.4,3498.1,0.0
2026-03-15 16:00:00,31.7,31.7,29.2,1010.0,1010.8,1010.0,2.0,229.0,5.2,3522.7,0.0
2026-03-15 17:00:00,31.5,32.1,30.9,1009.5,1010.0,1009.5,3.4,226.0,7.5,3256.8,0.0
2026-03-15 18:00:00,31.2,31.9,31.2,1009.0,1009.5,1009.0,2.8,186.0,7.6,2767.5,0.0
2026-03-15 19:00:00,30.2,31.5,30.2,1009.1,1009.1,1008.9,2.5,170.0,6.0,2049.5,0.0
2026-03-15 20:00:00,29.1,30.6,29.1,1009.3,1009.3,1009.0,1.3,238.0,5.4,420.8,0.0
2026-03-15 21:00:00,28.3,29.2,28.3,1009.8,1009.8,1009.3,1.4,188.0,4.8,105.7,0.0
2026-03-15 22:00:00,27.1,28.3,27.1,1010.2,1010.2,1009.8,0.4,329.0,3.2,0.7,0.0
2026-03-15 23:00:00,27.5,28.0,27.0,1010.9,1010.9,1010.2,0.6,271.0,3.5,,0.0
2026-03-16 00:00:00,26.7,27.5,26.7,1011.7,1011.7,1010.9,0.7,94.0,2.5,,0.0
2026-03-16 01:00:00,26.1,26.7,26.0,1012.3,1012.3,1011.7,0.7,128.0,2.8,,0.0
2026-03-16 02:00:00,25.3,26.1,25.3,1012.4,1012.4,1012.2,0.6,122.0,1.6,,0.0
2026-03-16 03:00:00,25.2,25.5,25.1,1012.4,1012.6,1012.4,1.4,85.0,3.3,,0.0
2026-03-16 04:00:00,24.8,25.2,24.8,1011.8,1012.4,1011.8,1.0,116.0,3.3,,0.0
2026-03-16 05:00:00,24.3,25.0,24.3,1011.4,1011.8,1011.4,0.5,49.0,3.1,,0.0
2026-03-16 06:00:00,24.0,24.5,24.0,1011.2,1011.4,1011.2,1.1,83.0,4.6,,0.0
2026-03-16 07:00:00,23.6,24.1,23.6,1011.1,1011.2,1010.9,0.9,54.0,2.5,,0.0
2026-03-16 08:00:00,23.0,23.6,23.0,1011.2,1011.2,1011.1,0.5,344.0,2.0,,0.0
2026-03-16 09:00:00,22.8,23.0,22.8,1011.9,1011.9,1011.2,0.6,340.0,1.8,,0.0
2026-03-16 10:00:00,24.1,24.1,22.8,1012.2,1012.2,1011.9,0.9,39.0,1.8,227.5,0.0
2026-03-16 11:00:00,25.4,25.6,24.0,1012.9,1012.9,1012.2,1.2,9.0,3.1,1091.1,0.0
2026-03-16 12:00:00,26.1,26.6,25.5,1013.2,1013.2,1012.9,1.6,322.0,4.1,1946.7,0.0
2026-03-16 13:00:00,26.9,27.1,26.0,1013.4,1013.5,1013.2,1.2,323.0,4.6,2687.0,0.0
2026-03-16 14:00:00,29.2,29.2,26.9,1013.1,1013.4,1013.1,1.4,319.0,3.2,3205.0,0.0
2026-03-16 15:00:00,31.4,31.4,29.2,1012.3,1013.1,1012.3,1.3,315.0,3.1,3474.5,0.0
2026-03-16 16:00:00,32.5,32.6,30.7,1011.5,1012.3,1011.5,2.4,221.0,4.8,3474.1,0.0
2026-03-16 17:00:00,32.6,33.5,31.9,1010.8,1011.5,1010.8,2.8,204.0,5.1,3216.6,0.0
2026-03-16 18:00:00,32.1,33.6,32.1,1010.6,1010.8,1010.5,4.2,212.0,6.8,2691.6,0.0
2026-03-16 19:00:00,31.2,32.6,31.2,1010.5,1010.6,1010.4,2.6,167.0,6.8,2011.3,0.0
2026-03-16 20:00:00,29.3,31.3,29.3,1010.5,1010.6,1010.5,2.3,162.0,7.3,398.4,0.0
2026-03-16 21:00:00,28.4,29.4,28.4,1010.8,1010.8,1010.4,1.9,113.0,6.5,110.2,0.0
2026-03-16 22:00:00,26.9,28.4,26.9,1011.3,1011.3,1010.8,1.9,199.0,5.0,0.6,0.0
2026-03-16 23:00:00,27.0,27.0,26.8,1012.1,1012.1,1011.3,0.8,305.0,4.2,,0.0
2026-03-17 00:00:00,26.7,27.2,26.6,1013.3,1013.3,1012.1,1.0,108.0,3.9,,0.0
2026-03-17 01:00:00,25.9,26.7,25.9,1013.4,1013.7,1013.3,1.7,99.0,5.5,,0.0
2026-03-17 02:00:00,25.6,25.9,25.6,1013.6,1013.7,1013.4,1.4,40.0,6.8,,0.0
2026-03-17 03:00:00,25.3,25.6,25.3,1013.7,1013.8,1013.6,1.8,58.0,5.0,,0.0
2026-03-17 04:00:00,24.8,25.4,24.8,1013.3,1013.8,1013.3,1.6,81.0,5.5,,0.0
2026-03-17 05:00:00,24.5,24.8,24.5,1012.7,1013.3,1012.7,1.0,82.0,3.8,,0.0
2026-03-17 06:00:00,23.7,24.5,23.6,1012.0,1012.7,1012.0,0.3,120.0,2.9,,0.0
2026-03-17 07:00:00,23.1,23.9,23.1,1011.9,1012.0,1011.9,0.2,84.0,1.5,,0.0
2026-03-17 08:00:00,22.9,23.5,22.8,1012.2,1012.2,1011.9,0.5,89.0,1.7,,0.0
2026-03-17 09:00:00,23.1,23.1,22.8,1012.7,1012.7,1012.2,0.9,63.0,2.1,,0.0
2026-03-17 10:00:00,24.1,24.1,23.1,1013.6,1013.6,1012.7,1.0,125.0,2.1,229.9,0.0
2026-03-17 11:00:00,26.6,26.6,24.1,1014.1,1014.1,1013.5,0.6,125.0,2.1,1021.7,0.0
2026-03-17 12:00:00,27.9,27.9,25.8,1014.2,1014.2,1014.1,0.8,206.0,2.6,1913.1,0.0
2026-03-17 13:00:00,28.0,28.7,26.7,1013.9,1014.2,1013.9,1.6,304.0,4.0,2430.5,0.0
2026-03-17 14:00:00,30.2,30.4,27.6,1013.4,1014.0,1013.4,2.6,211.0,4.7,3153.3,0.0
2026-03-17 15:00:00,30.9,31.3,29.8,1012.7,1013.5,1012.7,3.3,210.0,6.6,3467.9,0.0
2026-03-17 16:00:00,31.6,32.1,30.8,1011.9,1012.7,1011.9,2.8,176.0,6.4,3478.8,0.0
2026-03-17 17:00:00,31.9,32.2,30.8,1011.4,1011.9,1011.4,2.0,164.0,6.5,3206.1,0.0
2026-03-17 18:00:00,31.1,31.9,30.6,1010.9,1011.4,1010.8,2.5,179.0,5.9,2702.4,0.0
2026-03-17 19:00:00,30.3,31.3,29.8,1010.2,1010.9,1010.1,2.3,179.0,6.7,1996.0,0.0
2026-03-17 20:00:00,29.1,30.3,29.1,1010.4,1010.4,1010.1,2.2,123.0,6.9,407.2,0.0
2026-03-17 21:00:00,27.4,29.1,27.4,1010.6,1010.6,1010.4,1.5,172.0,5.3,117.4,0.0
2026-03-17 22:00:00,26.6,27.4,26.6,1011.4,1011.4,1010.6,1.3,152.0,4.7,,0.0
2026-03-17 23:00:00,25.9,26.6,25.9,1012.4,1012.4,1011.4,1.5,147.0,4.1,,0.0
2026-03-18 00:00:00,25.7,26.1,25.7,1013.2,1013.2,1012.4,1.5,173.0,3.7,,0.0
2026-03-18 01:00:00,25.3,25.7,25.2,1013.8,1013.8,1013.2,0.2,258.0,2.7,,0.0
2026-03-18 02:00:00,25.2,25.5,24.9,1013.6,1013.9,1013.6,0.6,150.0,1.6,,0.0
2026-03-18 03:00:00,24.9,25.3,24.6,1013.0,1013.6,1013.0,0.9,92.0,2.1,,0.0
2026-03-18 04:00:00,24.9,25.0,24.7,1012.3,1013.0,1012.3,0.6,216.0,2.1,,0.0
2026-03-18 05:00:00,25.1,25.2,24.9,1011.8,1012.3,1011.8,1.1,165.0,2.3,,0.0
2026-03-18 06:00:00,24.6,25.1,24.5,1010.9,1011.8,1010.9,0.5,109.0,2.3,,0.0
2026-03-18 07:00:00,24.7,24.7,24.5,1011.0,1011.0,1010.7,0.4,109.0,1.9,,0.0
2026-03-18 08:00:00,24.8,24.8,24.6,1011.3,1011.3,1010.9,0.7,145.0,2.6,,0.0
2026-03-18 09:00:00,24.7,24.8,24.3,1012.1,1012.1,1011.3,0.5,139.0,2.1,,0.0
2026-03-18 10:00:00,25.2,25.2,24.7,1012.6,1012.6,1012.1,0.3,107.0,1.9,195.2,0.0
2026-03-18 11:00:00,26.0,26.2,25.2,1012.9,1013.0,1012.6,1.5,23.0,2.8,555.6,0.0
2026-03-18 12:00:00,27.3,27.7,26.0,1012.6,1012.9,1012.6,0.8,8.0,3.3,1466.3,0.0
2026-03-18 13:00:00,28.7,28.9,27.2,1012.4,1012.7,1012.4,1.2,312.0,2.7,2439.0,0.0
2026-03-18 14:00:00,30.0,30.3,28.0,1011.8,1012.4,1011.8,1.3,233.0,4.0,2426.4,0.0
2026-03-18 15:00:00,30.6,31.0,29.7,1011.1,1011.8,1011.1,2.4,211.0,5.2,3144.2,0.0
2026-03-18 16:00:00,31.2,31.3,30.4,1010.1,1011.1,1010.1,2.7,215.0,5.5,3346.9,0.0
2026-03-18 17:00:00,30.7,31.4,30.4,1009.4,1010.1,1009.4,4.0,216.0,7.6,3085.2,0.0
2026-03-18 18:00:00,30.3,31.0,29.8,1008.7,1009.4,1008.6,2.8,183.0,7.4,2570.2,0.0
2026-03-18 19:00:00,29.2,30.5,29.1,1008.1,1008.7,1008.1,3.2,182.0,6.9,1878.9,0.0
2026-03-18 20:00:00,28.0,29.2,28.0,1008.3,1008.3,1008.0,2.9,184.0,6.9,505.5,0.0
2026-03-18 21:00:00,26.5,28.0,26.5,1008.9,1008.9,1008.3,2.1,145.0,6.8,170.5,0.0
2026-03-18 22:00:00,26.0,26.6,26.0,1009.4,1009.4,1008.9,1.9,100.0,7.4,,0.0
2026-03-18 23:00:00,26.1,26.2,25.9,1010.3,1010.3,1009.4,1.4,214.0,7.4,,0.0
2026-03-19 00:00:00,26.0,26.3,26.0,1011.2,1011.3,1010.4,1.0,144.0,4.0,,0.0
2026-03-19 01:00:00,25.7,26.0,25.7,1011.3,1011.3,1011.1,0.9,223.0,4.0,,0.0
2026-03-19 02:00:00,25.5,25.8,25.5,1011.0,1011.3,1010.9,1.3,179.0,3.4,,0.0
2026-03-19 03:00:00,25.3,25.5,25.3,1010.6,1011.0,1010.6,0.8,183.0,3.0,,0.0
2026-03-19 04:00:00,24.6,25.3,24.6,1010.2,1010.6,1010.1,0.5,231.0,2.1,,0.0
2026-03-19 05:00:00,24.7,24.8,24.5,1009.7,1010.2,1009.7,0.4,134.0,1.3,,0.0
2026-03-19 06:00:00,25.0,25.0,24.7,1009.0,1009.8,1009.0,0.6,171.0,1.8,,0.0
2026-03-19 07:00:00,25.2,25.3,24.9,1008.7,1009.0,1008.7,0.5,110.0,1.6,,0.0
2026-03-19 08:00:00,25.0,25.3,25.0,1008.8,1008.9,1008.7,1.3,64.0,3.0,,0.0
2026-03-19 09:00:00,25.1,25.1,25.0,1009.0,1009.1,1008.8,1.1,74.0,3.7,0.3,0.0
2026-03-19 10:00:00,25.0,25.1,24.9,1009.3,1009.3,1009.0,1.5,80.0,3.5,111.5,0.0
2026-03-19 11:00:00,26.3,26.5,25.0,1009.7,1009.7,1009.3,1.6,48.0,3.5,640.9,0.0
2026-03-19 12:00:00,27.3,27.7,26.2,1009.8,1009.9,1009.6,0.7,319.0,3.8,1286.6,0.0
2026-03-19 13:00:00,27.4,27.9,26.9,1009.4,1009.8,1009.4,1.1,298.0,3.3,1483.6,0.0
2026-03-19 14:00:00,28.0,28.5,27.3,1009.3,1009.4,1009.2,1.4,249.0,3.5,1899.3,0.0
2026-03-19 15:00:00,28.4,28.8,27.8,1008.6,1009.3,1008.6,1.5,171.0,3.3,1410.4,0.0
2026-03-19 16:00:00,28.6,28.8,28.3,1007.9,1008.6,1007.9,1.7,132.0,4.3,1376.7,0.0
2026-03-19 17:00:00,29.7,30.3,28.5,1007.2,1007.9,1007.2,1.9,199.0,4.3,2182.7,0.0
2026-03-19 18:00:00,28.9,29.8,28.8,1006.7,1007.2,1006.7,2.4,175.0,5.5,1171.8,0.0
2026-03-19 19:00:00,28.1,28.9,28.1,1006.7,1006.8,1006.6,1.9,157.0,5.8,583.2,0.0
2026-03-19 20:00:00,26.6,28.1,26.6,1007.4,1007.4,1006.7,2.4,182.0,5.6,141.1,0.0
2026-03-19 21:00:00,26.2,26.6,26.1,1007.7,1007.7,1007.3,1.0,12.0,5.4,52.9,0.0
2026-03-19 22:00:00,25.6,26.2,25.6,1008.5,1008.5,1007.7,1.1,194.0,2.9,,1.4
2026-03-19 23:00:00,25.5,25.7,25.3,1009.3,1009.3,1008.5,1.0,172.0,2.2,,0.6
2026-03-20 00:00:00,25.0,25.5,24.9,1010.3,1010.3,1009.3,0.8,61.0,2.8,,0.4
2026-03-20 01:00:00,23.1,25.0,22.8,1010.9,1010.9,1010.3,0.8,191.0,7.0,,2.8
2026-03-20 02:00:00,22.7,23.1,22.5,1009.9,1011.0,1009.9,1.5,55.0,3.3,,10.2
2026-03-20 03:00:00,22.6,22.8,22.6,1009.9,1010.1,1009.6,1.5,21.0,3.1,,0.0
2026-03-20 04:00:00,22.7,22.8,22.5,1009.1,1009.9,1009.1,1.1,51.0,3.1,,0.4
2026-03-20 05:00:00,22.6,22.8,22.6,1008.5,1009.1,1008.5,0.5,132.0,2.6,,0.2
2026-03-20 06:00:00,22.6,22.7,22.4,1008.0,1008.5,1008.0,0.5,145.0,1.2,,0.0
2026-03-20 07:00:00,22.7,22.7,22.5,1008.0,1008.2,1008.0,0.4,49.0,1.1,,0.0
2026-03-20 08:00:00,22.7,22.8,22.6,1008.4,1008.4,1008.0,0.5,47.0,1.7,,0.0
2026-03-20 09:00:00,22.9,22.9,22.7,1008.9,1008.9,1008.3,0.8,60.0,2.0,,0.2
2026-03-20 10:00:00,23.1,23.2,22.9,1009.4,1009.4,1008.9,0.7,83.0,2.4,56.1,0.4
2026-03-20 11:00:00,24.3,24.3,23.1,1010.1,1010.1,1009.4,0.5,170.0,1.9,569.6,0.0
2026-03-20 12:00:00,26.0,26.2,24.2,1010.2,1010.2,1010.1,0.8,205.0,2.0,1458.3,0.0
2026-03-20 13:00:00,27.0,27.1,26.0,1010.1,1010.2,1010.1,0.8,276.0,2.6,1778.2,0.0
2026-03-20 14:00:00,27.5,27.9,26.4,1010.0,1010.2,1010.0,2.3,224.0,4.1,1318.5,0.0
2026-03-20 15:00:00,27.3,28.4,27.3,1009.5,1010.1,1009.5,3.6,213.0,6.3,1667.0,0.0
2026-03-20 16:00:00,28.4,28.6,27.1,1009.0,1009.5,1009.0,4.3,213.0,8.2,2484.7,0.0
2026-03-20 17:00:00,26.0,28.4,26.0,1008.7,1009.1,1008.7,3.2,184.0,6.9,1717.9,0.0
2026-03-20 18:00:00,26.1,26.7,25.9,1008.5,1008.7,1008.5,3.0,198.0,6.4,1013.2,0.0
2026-03-20 19:00:00,24.9,26.6,24.8,1008.6,1008.7,1008.5,1.6,184.0,6.1,739.8,0.8
2026-03-20 20:00:00,25.0,25.1,24.7,1008.8,1008.8,1008.6,1.2,186.0,5.7,220.5,0.8
2026-03-20 21:00:00,25.2,25.2,24.9,1009.2,1009.2,1008.8,0.9,205.0,4.0,103.7,0.0
2026-03-20 22:00:00,24.7,25.2,24.6,1009.9,1009.9,1009.2,0.2,129.0,2.1,1.8,0.0
2026-03-20 23:00:00,25.0,25.1,24.7,1010.3,1010.3,1009.9,0.4,110.0,1.7,,0.0
2026-03-21 00:00:00,24.8,25.0,24.4,1011.0,1011.0,1010.3,0.6,158.0,1.3,,0.0
2026-03-21 01:00:00,24.1,24.8,24.1,1011.5,1011.5,1011.0,0.3,244.0,1.5,,0.0
2026-03-21 02:00:00,24.3,24.3,23.8,1011.3,1011.5,1011.3,0.6,140.0,1.4,,0.0
2026-03-21 03:00:00,24.0,24.3,23.9,1011.3,1011.5,1011.3,0.7,153.0,1.4,,0.0
2026-03-21 04:00:00,24.0,24.2,24.0,1011.0,1011.3,1011.0,0.4,162.0,1.5,,0.0
2026-03-21 05:00:00,23.6,24.0,23.6,1010.6,1010.9,1010.6,0.6,87.0,1.5,,0.0
2026-03-21 06:00:00,23.2,23.6,23.2,1010.3,1010.7,1010.3,0.3,337.0,1.5,,0.0
2026-03-21 07:00:00,22.9,23.2,22.9,1009.8,1010.3,1009.8,0.2,245.0,1.5,,0.0
2026-03-21 08:00:00,22.7,22.9,22.6,1010.0,1010.0,1009.8,0.5,51.0,2.0,,0.0
2026-03-21 09:00:00,22.3,22.7,22.3,1010.7,1010.7,1010.0,0.4,171.0,1.5,,0.0
2026-03-21 10:00:00,23.7,23.7,22.3,1011.2,1011.2,1010.7,0.5,112.0,1.8,182.5,0.2
2026-03-21 11:00:00,25.4,25.6,23.7,1011.7,1011.7,1011.2,0.8,41.0,2.0,800.0,0.0
2026-03-21 12:00:00,25.3,26.3,25.3,1012.1,1012.1,1011.7,1.4,315.0,3.0,1448.9,0.0
2026-03-21 13:00:00,27.1,27.3,25.2,1012.1,1012.1,1012.0,1.1,289.0,3.0,1885.0,0.0
2026-03-21 14:00:00,27.7,28.5,27.1,1012.2,1012.2,1012.1,1.3,323.0,3.1,2339.8,0.0
2026-03-21 15:00:00,28.2,28.9,27.3,1011.9,1012.2,1011.9,1.0,292.0,3.1,1790.5,0.0
2026-03-21 16:00:00,29.7,29.9,28.2,1011.5,1011.9,1011.5,3.1,203.0,5.7,2323.5,0.0
2026-03-21 17:00:00,28.9,30.4,28.9,1011.3,1011.5,1011.3,3.0,153.0,6.9,3087.3,0.0
2026-03-21 18:00:00,29.0,29.7,28.6,1011.2,1011.3,1011.2,1.9,148.0,6.6,2512.7,0.0
2026-03-21 19:00:00,27.9,29.2,27.9,1011.0,1011.2,1010.9,4.6,192.0,8.5,1839.8,0.0
2026-03-21 20:00:00,27.4,28.4,27.4,1011.0,1011.1,1010.8,1.8,159.0,8.5,369.2,0.0
2026-03-21 21:00:00,26.6,27.4,26.6,1011.4,1011.4,1011.0,1.6,161.0,6.2,119.1,0.0
2026-03-21 22:00:00,26.2,26.6,26.1,1012.2,1012.2,1011.4,1.2,200.0,4.6,,0.0
2026-03-21 23:00:00,25.7,26.2,25.6,1012.9,1012.9,1012.2,0.7,276.0,3.0,,0.0
2026-03-22 00:00:00,25.1,25.7,25.1,1013.4,1013.4,1012.9,0.8,31.0,2.4,,0.0
2026-03-22 01:00:00,25.0,25.3,24.5,1013.4,1013.6,1013.4,0.8,128.0,1.8,,0.0
2026-03-22 02:00:00,24.7,25.0,24.6,1013.4,1013.5,1013.3,0.9,153.0,2.4,,0.0
2026-03-22 03:00:00,25.0,25.0,24.7,1012.9,1013.4,1012.9,1.5,86.0,3.3,,0.0
2026-03-22 04:00:00,24.4,25.0,24.4,1012.5,1013.0,1012.5,0.7,93.0,3.5,,0.0
2026-03-22 05:00:00,23.6,24.4,23.6,1012.0,1012.5,1012.0,0.4,26.0,2.4,,0.0
2026-03-22 06:00:00,23.1,23.6,23.1,1011.7,1012.0,1011.5,0.3,247.0,1.5,,0.0
2026-03-22 07:00:00,22.8,23.2,22.8,1011.8,1011.8,1011.6,0.4,206.0,1.1,,0.0
2026-03-22 08:00:00,22.5,23.2,22.5,1012.0,1012.0,1011.7,0.2,32.0,1.9,,0.0
2026-03-22 09:00:00,22.7,22.7,22.4,1012.3,1012.3,1011.9,0.6,345.0,1.4,,0.0
2026-03-22 10:00:00,24.3,24.3,22.7,1012.1,1012.3,1012.0,0.9,97.0,1.6,190.4,0.0
2026-03-22 11:00:00,26.0,26.2,24.3,1012.8,1012.8,1012.1,0.8,35.0,2.2,1023.9,0.0
2026-03-22 12:00:00,26.2,26.8,26.0,1013.0,1013.1,1012.8,1.1,306.0,2.9,1721.6,0.0
2026-03-22 13:00:00,27.2,27.5,26.1,1013.0,1013.1,1013.0,1.6,306.0,3.9,2522.4,0.0
2026-03-22 14:00:00,30.1,30.1,27.2,1012.7,1013.0,1012.7,1.1,273.0,4.1,3048.4,0.0
2026-03-22 15:00:00,30.8,30.9,29.3,1012.0,1012.7,1012.0,2.7,220.0,5.4,3415.6,0.0
2026-03-22 16:00:00,31.2,31.9,30.4,1011.2,1012.0,1011.1,1.8,123.0,5.5,3334.7,0.0
2026-03-22 17:00:00,30.9,31.9,30.5,1010.5,1011.2,1010.4,1.9,165.0,6.4,2866.6,0.0
2026-03-22 18:00:00,30.5,31.5,30.2,1010.3,1010.5,1010.2,2.4,120.0,5.9,2617.0,0.0
2026-03-22 19:00:00,29.7,31.2,29.6,1010.3,1010.3,1010.2,1.6,137.0,6.2,1842.7,0.0
2026-03-22 20:00:00,28.1,29.7,28.0,1010.6,1010.7,1010.2,2.0,147.0,6.8,323.0,0.0
2026-03-22 21:00:00,26.8,28.1,26.8,1010.9,1011.0,1010.6,2.3,173.0,6.9,117.0,0.0
2026-03-22 22:00:00,26.4,26.8,26.4,1011.9,1011.9,1010.9,1.3,155.0,6.9,,0.0
2026-03-22 23:00:00,26.2,26.6,26.2,1012.7,1012.7,1011.9,1.3,119.0,3.6,,0.0
2026-03-23 00:00:00,25.8,26.3,25.7,1013.2,1013.2,1012.7,1.0,104.0,3.2,,0.0
2026-03-23 01:00:00,25.5,25.9,25.5,1013.4,1013.4,1013.2,0.7,144.0,2.7,,0.0
2026-03-23 02:00:00,25.0,25.5,24.8,1013.5,1013.5,1013.3,0.5,262.0,1.8,,0.0
2026-03-23 03:00:00,24.9,25.1,24.9,1013.5,1013.5,1013.4,0.6,130.0,2.5,,0.0
2026-03-23 04:00:00,24.4,24.9,24.4,1013.3,1013.5,1013.3,1.0,115.0,2.6,,0.0
2026-03-23 05:00:00,24.3,24.7,24.3,1012.8,1013.3,1012.8,1.1,126.0,2.9,,0.0
2026-03-23 06:00:00,23.6,24.3,23.6,1012.4,1012.8,1012.3,0.3,238.0,2.4,,0.0
2026-03-23 07:00:00,23.2,23.6,23.2,1012.2,1012.4,1012.2,0.4,266.0,0.8,,0.0
2026-03-23 08:00:00,23.3,23.6,23.2,1012.6,1012.6,1012.2,0.3,213.0,1.1,,0.0
2026-03-23 09:00:00,23.4,23.4,22.9,1013.0,1013.0,1012.6,0.5,71.0,1.0,,0.0
2026-03-23 10:00:00,25.3,25.4,23.4,1013.3,1013.3,1013.0,0.2,87.0,1.8,165.9,0.0
2026-03-23 11:00:00,26.5,26.5,24.5,1013.8,1013.9,1013.3,0.7,54.0,2.2,813.4,0.0
2026-03-23 12:00:00,27.3,27.4,25.4,1013.9,1014.0,1013.8,1.2,6.0,3.5,1556.3,0.0
2026-03-23 13:00:00,28.0,28.3,26.6,1013.4,1013.9,1013.4,1.8,70.0,5.0,2256.7,0.0
2026-03-23 14:00:00,28.4,28.9,26.9,1012.9,1013.4,1012.9,1.3,273.0,4.5,2506.0,0.0
2026-03-23 15:00:00,28.0,28.6,27.2,1012.2,1013.0,1012.2,2.1,231.0,4.6,1606.6,0.0
2026-03-23 16:00:00,29.3,29.6,27.7,1011.1,1012.2,1011.0,2.2,112.0,5.3,2027.2,0.0
2026-03-23 17:00:00,30.4,31.0,29.2,1010.2,1011.1,1010.2,2.0,123.0,6.0,3166.1,0.0
2026-03-23 18:00:00,26.6,31.0,26.6,1010.5,1010.5,1010.1,4.1,54.0,8.5,1064.1,0.0
2026-03-23 19:00:00,25.0,26.6,23.3,1010.6,1011.3,1010.3,2.5,76.0,11.9,386.3,11.8
2026-03-23 20:00:00,25.5,25.5,25.0,1010.6,1010.7,1010.5,3.4,40.0,7.4,564.5,0.0
2026-03-23 21:00:00,24.7,25.5,24.7,1010.4,1010.7,1010.4,1.7,27.0,7.4,209.0,0.0
2026-03-23 22:00:00,24.5,24.7,24.2,1010.8,1010.9,1010.4,0.6,67.0,4.5,,0.0
2026-03-23 23:00:00,24.3,24.7,24.3,1010.9,1011.1,1010.8,1.2,104.0,3.3,,0.0
2026-03-24 00:00:00,24.0,24.3,23.4,1011.6,1011.6,1011.0,0.6,158.0,3.1,,0.0
2026-03-24 01:00:00,23.0,24.0,23.0,1011.9,1012.0,1011.6,0.5,234.0,1.4,,0.0
2026-03-24 02:00:00,22.7,23.0,22.7,1011.7,1011.9,1011.7,0.5,239.0,1.5,,0.0
2026-03-24 03:00:00,22.8,23.2,22.7,1012.3,1012.3,1011.7,0.9,113.0,2.5,,0.0
2026-03-24 04:00:00,22.3,22.9,22.2,1012.2,1012.3,1012.0,0.5,77.0,3.3,,0.0
2026-03-24 05:00:00,22.2,22.6,22.1,1011.5,1012.3,1011.5,0.7,39.0,2.8,,0.0
2026-03-24 06:00:00,21.6,22.3,21.5,1011.4,1011.7,1011.4,0.5,128.0,1.8,,0.0
2026-03-24 07:00:00,21.5,21.9,21.4,1011.1,1011.4,1011.0,0.4,280.0,1.7,,0.0
2026-03-24 08:00:00,21.3,21.5,21.2,1011.5,1011.5,1011.0,0.7,17.0,1.4,,0.0
2026-03-24 09:00:00,21.2,21.3,21.0,1011.7,1011.7,1011.3,1.1,66.0,2.1,,0.0
2026-03-24 10:00:00,22.3,22.3,21.1,1011.6,1011.8,1011.5,0.8,78.0,2.1,155.4,0.0
2026-03-24 11:00:00,23.5,23.8,22.3,1012.6,1012.6,1011.6,1.2,32.0,2.5,785.5,0.0
2026-03-24 12:00:00,,,,1012.6,1013.1,1012.6,0.7,149.0,2.3,1688.7,0.0
2026-03-24 13:00:00,27.8,,,1012.4,,,0.9,315.0,,701.4,0.0
2026-03-24 14:00:00,28.9,29.1,27.6,1011.8,1012.4,1011.8,1.1,283.0,3.3,3063.8,
2026-03-24 15:00:00,29.7,30.2,28.3,1011.3,1011.8,1011.3,1.5,338.0,3.9,3306.7,0.0
2026-03-24 16:00:00,31.5,31.5,28.9,1010.4,1011.3,1010.4,1.2,311.0,3.7,3305.3,0.0
2026-03-24 17:00:00,32.1,32.3,30.4,1009.6,1010.4,1009.6,1.4,330.0,3.5,3043.9,0.0
2026-03-24 18:00:00,32.3,32.8,32.0,1008.7,1009.6,1008.7,1.1,321.0,3.4,2542.4,0.0
2026-03-24 19:00:00,32.2,32.9,31.9,1008.5,1008.7,1008.5,2.6,226.0,5.5,1651.0,0.0
2026-03-24 20:00:00,31.2,32.4,31.2,1008.8,1008.8,1008.5,2.1,176.0,5.5,257.5,0.0
2026-03-24 21:00:00,30.0,31.2,30.0,1009.1,1009.1,1008.8,1.0,135.0,4.3,76.7,0.0
2026-03-24 22:00:00,29.6,30.0,29.6,1009.6,1009.6,1009.1,2.9,74.0,6.4,,0.0
2026-03-24 23:00:00,28.6,29.6,28.6,1010.1,1010.1,1009.6,2.3,69.0,6.5,,0.0
2026-03-25 00:00:00,27.2,28.6,27.1,1011.0,1011.0,1010.1,0.3,167.0,5.0,,0.0
2026-03-25 01:00:00,27.1,27.7,27.0,1011.4,1011.4,1011.0,0.6,126.0,2.3,,0.0
2026-03-25 02:00:00,26.1,27.1,26.1,1011.7,1011.7,1011.4,0.3,155.0,2.0,,0.0
2026-03-25 03:00:00,25.5,26.4,25.5,1012.3,1012.3,1011.7,1.0,250.0,2.3,,0.0
2026-03-25 04:00:00,25.2,26.0,25.2,1012.3,1012.3,1012.1,0.5,296.0,2.2,,0.0
2026-03-25 05:00:00,24.6,25.2,24.6,1011.9,1012.4,1011.9,0.4,284.0,1.8,,0.0
2026-03-25 06:00:00,24.4,24.8,24.4,1012.3,1012.3,1011.9,0.3,270.0,1.1,,0.0
2026-03-25 07:00:00,24.6,24.8,24.1,1012.1,1012.3,1012.1,1.2,97.0,2.3,,0.0
2026-03-25 08:00:00,23.7,24.6,23.5,1012.8,1012.8,1012.1,0.2,263.0,2.3,,0.0
2026-03-25 09:00:00,24.0,24.0,23.6,1013.3,1013.4,1012.8,0.5,65.0,1.5,,0.0
2026-03-25 10:00:00,25.5,25.7,23.6,1013.8,1013.8,1013.3,0.3,232.0,1.7,177.2,0.0
2026-03-25 11:00:00,27.7,27.7,25.5,1014.3,1014.3,1013.7,0.7,149.0,1.5,1071.0,0.0
2026-03-25 12:00:00,29.7,29.7,27.5,1014.7,1014.7,1014.2,1.3,216.0,2.8,1889.0,0.0
2026-03-25 13:00:00,30.7,31.0,29.2,1014.9,1015.0,1014.7,1.2,310.0,3.0,2569.8,0.0
2026-03-25 14:00:00,31.8,32.0,30.7,1014.6,1014.9,1014.6,1.5,270.0,4.1,3063.4,0.0
2026-03-25 15:00:00,33.1,33.2,31.6,1013.8,1014.6,1013.8,1.3,307.0,3.3,3323.0,0.0
2026-03-25 16:00:00,33.8,34.3,32.7,1013.3,1013.8,1013.3,2.0,224.0,4.1,3302.7,0.0
2026-03-25 17:00:00,34.1,34.4,33.7,1012.8,1013.3,1012.7,3.1,208.0,6.3,3020.0,0.0
2026-03-25 18:00:00,33.6,34.3,33.5,1012.4,1012.8,1012.3,2.3,165.0,6.5,2498.0,0.0
2026-03-25 19:00:00,32.8,33.8,32.4,1012.5,1012.6,1012.3,2.0,169.0,6.9,1580.3,0.0
2026-03-25 20:00:00,32.2,32.8,31.9,1012.4,1012.6,1012.4,1.4,118.0,5.8,432.9,0.0
2026-03-25 21:00:00,31.2,32.2,31.2,1012.7,1012.7,1012.4,1.4,82.0,5.3,109.2,0.0
2026-03-25 22:00:00,30.3,31.2,30.3,1013.0,1013.0,1012.6,1.4,57.0,4.4,,0.0
2026-03-25 23:00:00,29.6,30.3,29.6,1013.8,1013.8,1013.0,1.5,118.0,4.7,,0.0
2026-03-26 00:00:00,28.4,29.6,28.3,1014.7,1014.7,1013.8,0.8,302.0,4.1,,0.0
2026-03-26 01:00:00,28.2,28.4,27.8,1015.2,1015.3,1014.7,0.8,58.0,2.3,,0.0
2026-03-26 02:00:00,27.5,28.3,27.4,1015.3,1015.3,1015.1,0.9,36.0,3.8,,0.0
2026-03-26 03:00:00,26.8,27.5,26.8,1015.3,1015.3,1015.1,0.9,42.0,2.2,,0.0
2026-03-26 04:00:00,26.3,27.0,26.3,1014.8,1015.3,1014.8,1.2,95.0,2.5,,0.0
2026-03-26 05:00:00,25.8,26.3,25.7,1014.6,1014.8,1014.6,0.6,38.0,2.3,,0.0
2026-03-26 06:00:00,25.5,25.9,25.5,1013.8,1014.6,1013.8,1.2,100.0,2.6,,0.0
2026-03-26 07:00:00,25.4,25.5,25.1,1013.7,1013.8,1013.6,0.7,120.0,2.4,,0.0
2026-03-26 08:00:00,25.2,25.4,25.0,1014.3,1014.4,1013.8,0.5,108.0,2.0,,0.0
2026-03-26 09:00:00,24.5,25.2,24.5,1014.7,1014.7,1014.3,0.2,299.0,1.4,,0.0
2026-03-26 10:00:00,26.4,26.4,24.4,1015.5,1015.5,1014.7,0.5,86.0,1.3,177.3,0.0
2026-03-26 11:00:00,27.6,27.7,26.4,1016.3,1016.3,1015.5,0.5,196.0,1.8,1050.6,0.0
2026-03-26 12:00:00,28.6,28.7,27.3,1016.6,1016.7,1016.3,1.1,305.0,2.8,1315.0,0.0
2026-03-26 13:00:00,28.7,29.1,28.3,1016.7,1016.7,1016.6,1.6,334.0,3.7,2685.5,0.0
2026-03-26 14:00:00,30.8,30.8,28.5,1016.4,1016.8,1016.4,1.2,305.0,3.8,3041.2,0.0
2026-03-26 15:00:00,31.5,32.5,30.6,1015.8,1016.4,1015.8,2.0,256.0,4.8,3293.6,0.0
2026-03-26 16:00:00,32.6,33.2,31.5,1015.1,1015.8,1015.1,2.9,202.0,5.8,3320.5,0.0
2026-03-26 17:00:00,32.7,33.2,31.5,1014.4,1015.1,1014.4,2.5,188.0,5.7,3044.0,0.0
2026-03-26 18:00:00,32.2,33.0,32.2,1014.1,1014.5,1014.1,2.4,156.0,6.3,2494.3,0.0
2026-03-26 19:00:00,31.5,32.3,31.4,1013.9,1014.2,1013.9,3.5,187.0,8.0,1553.4,0.0
2026-03-26 20:00:00,31.0,31.9,31.0,1013.8,1013.9,1013.8,2.4,187.0,6.9,248.3,0.0
2026-03-26 21:00:00,30.4,31.1,30.4,1014.0,1014.0,1013.7,1.1,146.0,5.8,85.6,0.0
2026-03-26 22:00:00,28.1,30.4,28.0,1014.7,1014.7,1014.0,1.0,238.0,3.2,,0.0
2026-03-26 23:00:00,28.8,29.2,28.1,1015.5,1015.5,1014.7,1.1,46.0,3.9,,0.0
2026-03-27 00:00:00,27.9,28.8,27.9,1016.1,1016.1,1015.5,1.6,109.0,3.2,,0.0
2026-03-27 01:00:00,27.4,27.9,27.4,1016.3,1016.3,1016.1,1.5,87.0,3.7,,0.0
2026-03-27 02:00:00,27.0,27.5,27.0,1016.2,1016.4,1016.2,1.1,99.0,3.5,,0.0
2026-03-27 03:00:00,26.4,27.0,26.4,1016.2,1016.4,1016.2,1.3,31.0,2.4,,0.0
2026-03-27 04:00:00,26.1,26.4,25.9,1016.1,1016.2,1016.1,1.0,98.0,2.4,,0.0
2026-03-27 05:00:00,25.5,26.1,25.5,1015.7,1016.1,1015.7,1.3,100.0,3.2,,0.0
2026-03-27 06:00:00,25.2,25.5,25.2,1015.5,1015.7,1015.5,0.8,45.0,2.9,,0.0
2026-03-27 07:00:00,24.7,25.2,24.7,1015.7,1015.7,1015.5,0.9,119.0,2.7,,0.0
2026-03-27 08:00:00,24.6,24.7,24.5,1015.9,1015.9,1015.7,1.0,66.0,2.6,,0.0
2026-03-27 09:00:00,24.1,24.6,23.9,1016.4,1016.4,1015.9,0.9,25.0,2.8,,0.0
2026-03-27 10:00:00,25.3,25.3,23.9,1017.2,1017.2,1016.4,0.7,105.0,2.4,198.6,0.0
2026-03-27 11:00:00,27.1,27.1,25.3,1018.1,1018.1,1017.2,1.1,11.0,3.2,1056.1,0.0
2026-03-27 12:00:00,26.9,28.1,26.6,1018.6,1018.6,1018.1,1.8,318.0,3.7,1919.7,0.0
2026-03-27 13:00:00,28.4,28.6,26.2,1018.8,1018.9,1018.6,1.1,309.0,3.9,2597.9,0.0
2026-03-27 14:00:00,30.0,30.0,28.0,1018.4,1018.8,1018.4,1.5,314.0,3.2,3085.9,0.0
2026-03-27 15:00:00,31.2,31.4,29.5,1017.8,1018.4,1017.8,3.3,210.0,6.2,3295.0,0.0
2026-03-27 16:00:00,31.6,31.6,30.6,1016.7,1017.8,1016.7,3.4,217.0,7.3,3332.6,0.0
2026-03-27 17:00:00,32.0,32.1,31.2,1015.9,1016.7,1015.9,4.4,212.0,8.0,3067.3,0.0
2026-03-27 18:00:00,32.3,32.7,31.5,1015.6,1015.9,1015.6,1.7,94.0,7.2,2421.9,0.0
2026-03-27 19:00:00,31.9,32.5,31.5,1015.8,1015.8,1015.6,2.1,173.0,5.9,1521.0,0.0
2026-03-27 20:00:00,30.2,32.0,30.2,1016.1,1016.1,1015.8,1.5,96.0,6.8,447.3,0.0
2026-03-27 21:00:00,28.6,30.3,28.6,1016.4,1016.4,1016.0,1.4,39.0,5.0,93.9,0.0
2026-03-27 22:00:00,27.8,28.6,27.8,1017.2,1017.2,1016.4,1.5,70.0,5.0,,0.0
2026-03-27 23:00:00,27.4,28.2,27.4,1018.1,1018.1,1017.2,3.5,75.0,10.6,,0.0
2026-03-28 00:00:00,26.7,27.4,26.7,1018.4,1018.4,1018.0,2.9,70.0,8.7,,0.0
2026-03-28 01:00:00,26.5,26.7,26.4,1018.6,1018.7,1018.4,2.8,71.0,7.7,,0.0
2026-03-28 02:00:00,26.3,26.5,26.3,1018.5,1018.6,1018.5,2.2,77.0,7.6,,0.0
2026-03-28 03:00:00,26.0,26.3,25.9,1018.5,1018.6,1018.5,1.7,80.0,5.4,,0.0
2026-03-28 04:00:00,25.8,26.1,25.8,1017.9,1018.5,1017.9,1.4,52.0,6.4,,0.0
2026-03-28 05:00:00,25.6,25.9,25.6,1017.5,1017.9,1017.5,2.5,66.0,5.3,,0.0
2026-03-28 06:00:00,25.1,25.6,24.9,1017.4,1017.5,1017.4,1.0,26.0,4.5,,0.0
2026-03-28 07:00:00,24.4,25.1,24.4,1017.3,1017.4,1017.2,0.4,354.0,2.0,,0.0
2026-03-28 08:00:00,24.1,24.4,24.0,1017.8,1017.8,1017.3,0.3,111.0,1.4,,0.0
2026-03-28 09:00:00,24.3,24.4,24.1,1018.2,1018.2,1017.8,0.9,88.0,1.9,,0.0
2026-03-28 10:00:00,25.6,25.6,24.3,1018.9,1018.9,1018.2,0.9,68.0,2.1,205.3,0.0
2026-03-28 11:00:00,27.3,27.3,25.6,1019.8,1019.8,1018.9,0.6,43.0,2.9,1070.0,0.0
2026-03-28 12:00:00,26.9,27.5,26.4,1020.0,1020.1,1019.8,1.5,314.0,3.3,1765.9,0.0
2026-03-28 13:00:00,27.9,28.4,26.8,1020.0,1020.1,1019.9,1.7,324.0,4.8,2585.5,0.0
2026-03-28 14:00:00,27.9,28.6,27.2,1019.8,1020.0,1019.8,1.4,284.0,3.5,2320.1,0.0
2026-03-28 15:00:00,29.5,30.6,27.9,1018.8,1019.8,1018.8,2.1,225.0,4.6,2468.6,0.0
2026-03-28 16:00:00,30.1,30.8,29.0,1017.7,1018.8,1017.7,2.4,256.0,5.3,2427.0,0.0
2026-03-28 17:00:00,31.1,31.8,30.1,1016.9,1017.7,1016.9,4.0,215.0,6.5,3026.1,0.0
2026-03-28 18:00:00,30.5,31.7,30.3,1016.5,1016.9,1016.5,3.3,181.0,6.5,2214.0,0.0
2026-03-28 19:00:00,30.0,31.2,30.0,1016.5,1016.5,1016.3,2.0,183.0,6.4,1152.7,0.0
2026-03-28 20:00:00,29.8,30.3,29.8,1016.7,1016.8,1016.4,1.2,54.0,6.3,254.0,0.0
2026-03-28 21:00:00,28.0,29.9,28.0,1017.4,1017.4,1016.7,1.8,123.0,5.0,66.0,0.0
2026-03-28 22:00:00,26.9,28.1,26.9,1018.0,1018.1,1017.4,1.5,100.0,6.3,,0.0
2026-03-28 23:00:00,26.7,26.9,26.6,1018.8,1018.8,1018.0,2.4,55.0,5.0,,0.0
2026-03-29 00:00:00,26.4,26.7,26.4,1019.3,1019.3,1018.8,3.0,68.0,7.7,,0.0
2026-03-29 01:00:00,26.0,26.4,26.0,1019.3,1019.4,1019.3,3.7,64.0,8.3,,0.0
2026-03-29 02:00:00,25.7,26.0,25.7,1019.5,1019.5,1019.2,2.1,74.0,9.2,,0.0
2026-03-29 03:00:00,25.5,25.8,25.5,1019.2,1019.5,1019.2,2.5,72.0,5.9,,0.0
2026-03-29 04:00:00,25.1,25.5,25.1,1018.3,1019.2,1018.3,1.9,79.0,5.9,,0.0
2026-03-29 05:00:00,24.8,25.1,24.8,1017.6,1018.3,1017.6,1.2,74.0,4.8,,0.0
2026-03-29 06:00:00,24.2,24.8,23.8,1017.3,1017.7,1017.3,0.7,60.0,2.6,,0.0
2026-03-29 07:00:00,23.8,24.2,23.5,1017.4,1017.4,1017.3,0.7,59.0,2.0,,0.0
2026-03-29 08:00:00,23.3,23.9,23.2,1017.3,1017.5,1017.2,0.7,46.0,1.7,,0.0
2026-03-29 09:00:00,22.8,23.6,22.8,1017.8,1017.8,1017.3,0.3,299.0,1.8,,0.0
2026-03-29 10:00:00,25.0,25.0,22.8,1018.0,1018.0,1017.8,0.7,70.0,1.5,215.9,0.0
2026-03-29 11:00:00,25.8,26.1,25.0,1018.7,1018.7,1018.0,1.0,336.0,2.2,1068.4,0.0
2026-03-29 12:00:00,26.2,26.6,25.6,1019.1,1019.1,1018.6,1.0,299.0,3.5,1931.1,0.0
2026-03-29 13:00:00,27.3,27.9,26.0,1018.8,1019.1,1018.8,1.4,277.0,3.5,2598.5,0.0
2026-03-29 14:00:00,28.1,28.4,26.9,1018.2,1018.8,1018.2,2.0,312.0,3.8,3047.4,0.0
2026-03-29 15:00:00,29.4,29.4,28.0,1017.2,1018.2,1017.2,1.6,259.0,3.8,3270.3,0.0
2026-03-29 16:00:00,29.9,30.4,29.2,1016.5,1017.2,1016.5,2.6,230.0,6.0,3276.8,0.0
2026-03-29 17:00:00,30.2,31.1,29.8,1015.8,1016.5,1015.8,2.8,198.0,5.8,3074.7,0.0
2026-03-29 18:00:00,30.3,30.8,29.8,1015.0,1015.8,1015.0,3.4,209.0,6.3,2480.8,0.0
2026-03-29 19:00:00,29.2,30.6,29.1,1015.0,1015.0,1014.8,2.1,162.0,6.0,1437.5,0.0
2026-03-29 20:00:00,27.0,29.2,27.0,1015.4,1015.5,1015.0,3.2,179.0,8.5,214.9,0.0
2026-03-29 21:00:00,26.4,27.0,26.2,1015.5,1015.6,1015.4,2.2,179.0,8.5,74.2,0.0
2026-03-29 22:00:00,26.3,26.4,26.1,1016.1,1016.1,1015.5,1.4,152.0,6.7,,0.0
2026-03-29 23:00:00,26.1,26.3,26.1,1017.0,1017.0,1016.1,1.6,154.0,5.1,,0.0
2026-03-30 00:00:00,26.0,26.2,25.9,1017.1,1017.1,1016.9,1.1,103.0,3.5,,0.0
2026-03-30 01:00:00,25.7,26.0,25.7,1017.2,1017.4,1017.1,0.8,115.0,3.3,,0.0
2026-03-30 02:00:00,25.6,25.7,25.5,1017.2,1017.3,1017.1,0.7,102.0,1.7,,0.0
2026-03-30 03:00:00,25.3,25.6,25.3,1016.9,1017.3,1016.9,1.0,121.0,3.0,,0.0
2026-03-30 04:00:00,24.8,25.3,24.7,1016.2,1016.9,1016.2,0.4,295.0,2.6,,0.0
2026-03-30 05:00:00,25.3,25.4,24.8,1015.9,1016.2,1015.9,0.7,129.0,1.7,,0.0
2026-03-30 06:00:00,24.7,25.3,24.7,1015.1,1015.9,1015.1,0.5,88.0,1.7,,0.0
2026-03-30 07:00:00,24.0,24.7,23.9,1014.7,1015.1,1014.6,0.4,120.0,1.7,,0.0
2026-03-30 08:00:00,23.8,24.3,23.8,1014.6,1014.7,1014.5,0.4,39.0,2.1,,0.0
2026-03-30 09:00:00,24.0,24.1,23.8,1014.7,1014.9,1014.6,0.6,37.0,3.0,,0.0
2026-03-30 10:00:00,24.8,24.8,23.9,1014.8,1014.9,1014.7,0.8,91.0,2.5,227.2,0.0
2026-03-30 11:00:00,26.7,26.7,24.8,1015.0,1015.0,1014.8,0.6,51.0,2.0,997.3,0.0
2026-03-30 12:00:00,27.2,27.6,26.4,1015.3,1015.3,1015.0,1.0,319.0,2.7,1956.8,0.0
2026-03-30 13:00:00,,,,,,,,,,,
2026-03-30 14:00:00,,,,,,,,,,,
2026-03-30 15:00:00,,,,,,,,,,,
2026-03-30 16:00:00,,,,,,,,,,,
2026-03-30 17:00:00,,,,,,,,,,,
2026-03-30 18:00:00,,,,,,,,,,,
2026-03-30 19:00:00,,,,,,,,,,,
2026-03-30 20:00:00,,,,,,,,,,,
2026-03-30 21:00:00,,,,,,,,,,,
2026-03-30 22:00:00,,,,,,,,,,,
2026-03-30 23:00:00,,,,,,,,,,,
2026-03-31 00:00:00,,,,,,,,,,,
2026-03-31 01:00:00,,,,,,,,,,,
2026-03-31 02:00:00,,,,,,,,,,,
2026-03-31 03:00:00,,,,,,,,,,,
2026-03-31 04:00:00,,,,,,,,,,,
2026-03-31 05:00:00,,,,,,,,,,,
2026-03-31 06:00:00,,,,,,,,,,,
2026-03-31 07:00:00,,,,,,,,,,,
2026-03-31 08:00:00,,,,,,,,,,,
2026-03-31 09:00:00,,,,,,,,,,,
2026-03-31 10:00:00,,,,,,,,,,,
2026-03-31 11:00:00,,,,,,,,,,,
2026-03-31 12:00:00,,,,,,,,,,,
2026-03-31 13:00:00,,,,,,,,,,,
2026-03-31 14:00:00,,,,,,,,,,,
2026-03-31 15:00:00,,,,,,,,,,,
2026-03-31 16:00:00,,,,,,,,,,,
2026-03-31 17:00:00,,,,,,,,,,,
2026-03-31 18:00:00,,,,,,,,,,,
2026-03-31 19:00:00,,,,,,,,,,,
2026-03-31 20:00:00,,,,,,,,,,,
2026-03-31 21:00:00,,,,,,,,,,,
2026-03-31 22:00:00,,,,,,,,,,,
2026-03-31 23:00:00,,,,,,,,,,,
